pdb	Hchain	Lchain	model	antigen_chain	antigen_type	antigen_het_name	antigen_name	short_header	date	compound	organism	heavy_species	light_species	antigen_species	authors	resolution	method	r_free	r_factor	scfv	engineered	heavy_subclass	light_subclass	light_ctype	affinity	delta_g	affinity_method	temperature	pmid
1hh9	B	A	0	C	peptide	NA	pep-2	IMMUNE SYSTEM/PEPTIDE	12/21/00	ANTI-P24 (HIV-1) FAB FRAGMENT CB41 COMPLEXED WITH A PEPTIDE	MUS MUSCULUS; SYNTHETIC CONSTRUCT	mus musculus	mus musculus	NA	Hahn, M., Wessner, H., Schneider-Mergener, J., Hohne, W.	2.7	X-RAY DIFFRACTION	0.33299999999999996	0.282	False	False	IGHV1	IGKV14	Kappa	1.00e-05	NA	Other	4	10990450
6h0e	C	D	0	G	peptide	NA	microtubule-associated protein tau	IMMUNE SYSTEM	07/09/18	FAB dmCBTAU-22.1 IN COMPLEX WITH TAU PEPTIDE V1088-23	HOMO SAPIENS; SYNTHETIC CONSTRUCT	homo sapiens	homo sapiens	mus musculus	Juraszek, J., Steinbacher, S.	1.95	X-RAY DIFFRACTION	0.285	0.222	False	True	IGHV1	IGKV2	Kappa	2.4000000000000003e-07	-9.031007686639388	Unknown	NA	TBD
6h0e	E	F	0	J	peptide	NA	microtubule-associated protein tau	IMMUNE SYSTEM	07/09/18	FAB dmCBTAU-22.1 IN COMPLEX WITH TAU PEPTIDE V1088-23	HOMO SAPIENS; SYNTHETIC CONSTRUCT	homo sapiens	homo sapiens	mus musculus	Juraszek, J., Steinbacher, S.	1.95	X-RAY DIFFRACTION	0.285	0.222	False	True	IGHV1	IGKV2	Kappa	2.4000000000000003e-07	-9.031007686639388	Unknown	NA	TBD
6h0e	H	L	0	I	peptide	NA	microtubule-associated protein tau	IMMUNE SYSTEM	07/09/18	FAB dmCBTAU-22.1 IN COMPLEX WITH TAU PEPTIDE V1088-23	HOMO SAPIENS; SYNTHETIC CONSTRUCT	homo sapiens	homo sapiens	mus musculus	Juraszek, J., Steinbacher, S.	1.95	X-RAY DIFFRACTION	0.285	0.222	False	True	IGHV1	IGKV2	Kappa	2.4000000000000003e-07	-9.031007686639388	Unknown	NA	TBD
6h0e	A	B	0	K	peptide	NA	microtubule-associated protein tau	IMMUNE SYSTEM	07/09/18	FAB dmCBTAU-22.1 IN COMPLEX WITH TAU PEPTIDE V1088-23	HOMO SAPIENS; SYNTHETIC CONSTRUCT	homo sapiens	homo sapiens	mus musculus	Juraszek, J., Steinbacher, S.	1.95	X-RAY DIFFRACTION	0.285	0.222	False	True	IGHV1	IGKV2	Kappa	2.4000000000000003e-07	-9.031007686639388	Unknown	NA	TBD
6h06	E	F	0	J	peptide	NA	microtubule-associated protein tau	IMMUNE SYSTEM	07/06/18	FAB CBTAU-22.1 IN COMPLEX WITH TAU PEPTIDE V1088-5	HOMO SAPIENS; SYNTHETIC CONSTRUCT	homo sapiens	homo sapiens	homo sapiens	Juraszek, J., Steinbacher, S.	2.63	X-RAY DIFFRACTION	0.27	0.21600000000000005	False	True	IGHV1	IGKV2	Kappa	5.6e-06	-7.164753442850797	Unknown	NA	TBD
6h06	H	L	0	I	peptide	NA	microtubule-associated protein tau	IMMUNE SYSTEM	07/06/18	FAB CBTAU-22.1 IN COMPLEX WITH TAU PEPTIDE V1088-5	HOMO SAPIENS; SYNTHETIC CONSTRUCT	homo sapiens	homo sapiens	homo sapiens	Juraszek, J., Steinbacher, S.	2.63	X-RAY DIFFRACTION	0.27	0.21600000000000005	False	True	IGHV1	IGKV2	Kappa	5.6e-06	-7.164753442850797	Unknown	NA	TBD
6h06	A	B	0	K	peptide	NA	microtubule-associated protein tau	IMMUNE SYSTEM	07/06/18	FAB CBTAU-22.1 IN COMPLEX WITH TAU PEPTIDE V1088-5	HOMO SAPIENS; SYNTHETIC CONSTRUCT	homo sapiens	homo sapiens	homo sapiens	Juraszek, J., Steinbacher, S.	2.63	X-RAY DIFFRACTION	0.27	0.21600000000000005	False	True	IGHV1	IGKV2	Kappa	5.6e-06	-7.164753442850797	Unknown	NA	TBD
6h06	C	D	0	G	peptide	NA	microtubule-associated protein tau	IMMUNE SYSTEM	07/06/18	FAB CBTAU-22.1 IN COMPLEX WITH TAU PEPTIDE V1088-5	HOMO SAPIENS; SYNTHETIC CONSTRUCT	homo sapiens	homo sapiens	homo sapiens	Juraszek, J., Steinbacher, S.	2.63	X-RAY DIFFRACTION	0.27	0.21600000000000005	False	True	IGHV1	IGKV2	Kappa	5.6e-06	-7.164753442850797	Unknown	NA	TBD
5t6p	D	C	0	E	peptide	NA	muc1 peptide fragment	IMMUNE SYSTEM	09/01/16	Crystal structure of therapeutic mAB AR20.5 in complex with MUC1 peptide	MUS MUSCULUS; SYNTHETIC CONSTRUCT	mus musculus	mus musculus	homo sapiens	Brooks, C.L., Movahedin, M.	1.97	X-RAY DIFFRACTION	0.232	0.221	False	True	IGHV5	IGKV1	Kappa	8.8e-07	-8.26120372284051	Unknown	NA	TBD
5t6p	B	A	0	F	peptide	NA	muc1 peptide fragment	IMMUNE SYSTEM	09/01/16	Crystal structure of therapeutic mAB AR20.5 in complex with MUC1 peptide	MUS MUSCULUS; SYNTHETIC CONSTRUCT	mus musculus	mus musculus	homo sapiens	Brooks, C.L., Movahedin, M.	1.97	X-RAY DIFFRACTION	0.232	0.221	False	True	IGHV5	IGKV1	Kappa	8.8e-07	-8.26120372284051	Unknown	NA	TBD
4m1d	I	M	0	Q	peptide	NA	cyclic v3 arch peptide	IMMUNE SYSTEM	08/02/13	Crystal structure of anti-HIV-1 Fab 447-52D in complex with V3 cyclic peptide MN	HOMO SAPIENS; SYNTHETIC CONSTRUCT	homo sapiens	homo sapiens	NA	Killikelly, A., Kong, X.P.	1.8	X-RAY DIFFRACTION	0.21600000000000005	0.18600000000000005	False	True	IGHV3	IGLV1	Lambda	2.3e-08	-10.420467653019871	TBD	Unknown	NA
4m1d	H	L	0	P	peptide	NA	cyclic v3 arch peptide	IMMUNE SYSTEM	08/02/13	Crystal structure of anti-HIV-1 Fab 447-52D in complex with V3 cyclic peptide MN	HOMO SAPIENS; SYNTHETIC CONSTRUCT	homo sapiens	homo sapiens	NA	Killikelly, A., Kong, X.P.	1.8	X-RAY DIFFRACTION	0.21600000000000005	0.18600000000000005	False	True	IGHV3	IGLV1	Lambda	2.3e-08	-10.420467653019871	TBD	Unknown	NA
6blh	H	L	0	G	peptide	NA	major surface glycoprotein g	VIRAL PROTEIN/IMMUNE SYSTEM	11/10/17	RSV G central conserved region bound to Fab CB017.5	HOMO SAPIENS; SYNTHETIC CONSTRUCT	homo sapiens	homo sapiens	human respiratory syncytial virus a (strainrsb6256) 	Jones, H.G., McLellan, J.S., Langedijk, J.P.	2.0	X-RAY DIFFRACTION	0.226	0.187	False	True	IGHV3	IGLV3	Lambda	4.0999999999999995e-09	-11.442210050076369	Unknown	NA	TBD
6bli	D	E	0	F	peptide	NA	major surface glycoprotein g	VIRAL PROTEIN/IMMUNE SYSTEM	11/10/17	RSV G peptide bound to Fab CB002.5	HOMO SAPIENS; SYNTHETIC CONSTRUCT	homo sapiens	homo sapiens	human respiratory syncytial virus a (strainrsb6256) 	Jones, H.G., McLellan, J.S., Langedijk, J.P.	2.12	X-RAY DIFFRACTION	0.218	0.16899999999999998	False	True	IGHV4	IGKV1	Kappa	5.200000000000001e-10	-12.665637564550789	Unknown	NA	TBD
6bli	A	B	0	C	peptide	NA	major surface glycoprotein g	VIRAL PROTEIN/IMMUNE SYSTEM	11/10/17	RSV G peptide bound to Fab CB002.5	HOMO SAPIENS; SYNTHETIC CONSTRUCT	homo sapiens	homo sapiens	human respiratory syncytial virus a (strainrsb6256) 	Jones, H.G., McLellan, J.S., Langedijk, J.P.	2.12	X-RAY DIFFRACTION	0.218	0.16899999999999998	False	True	IGHV4	IGKV1	Kappa	5.200000000000001e-10	-12.665637564550789	Unknown	NA	TBD
6bli	G	H	0	I	peptide	NA	major surface glycoprotein g	VIRAL PROTEIN/IMMUNE SYSTEM	11/10/17	RSV G peptide bound to Fab CB002.5	HOMO SAPIENS; SYNTHETIC CONSTRUCT	homo sapiens	homo sapiens	human respiratory syncytial virus a (strainrsb6256) 	Jones, H.G., McLellan, J.S., Langedijk, J.P.	2.12	X-RAY DIFFRACTION	0.218	0.16899999999999998	False	True	IGHV4	IGKV1	Kappa	5.200000000000001e-10	-12.665637564550789	Unknown	NA	TBD
6bli	J	K	0	L	peptide	NA	major surface glycoprotein g	VIRAL PROTEIN/IMMUNE SYSTEM	11/10/17	RSV G peptide bound to Fab CB002.5	HOMO SAPIENS; SYNTHETIC CONSTRUCT	homo sapiens	homo sapiens	human respiratory syncytial virus a (strainrsb6256) 	Jones, H.G., McLellan, J.S., Langedijk, J.P.	2.12	X-RAY DIFFRACTION	0.218	0.16899999999999998	False	True	IGHV4	IGKV1	Kappa	5.200000000000001e-10	-12.665637564550789	Unknown	NA	TBD
3iet	B	A	0	X	peptide	NA	podoplanin	IMMUNE SYSTEM	07/23/09	Crystal Structure of 237mAb with antigen	MUS MUSCULUS	mus musculus	mus musculus	mus musculus	Brooks, C.L., Evans, S.V., Borisova, S.N.	2.2	X-RAY DIFFRACTION	0.271	0.227	False	True	IGHV6	IGKV1	Kappa	1.4e-07	-9.350354316900614	Unknown	NA	TBD
3iet	D	C	0	Q	peptide	NA	podoplanin	IMMUNE SYSTEM	07/23/09	Crystal Structure of 237mAb with antigen	MUS MUSCULUS	mus musculus	mus musculus	mus musculus	Brooks, C.L., Evans, S.V., Borisova, S.N.	2.2	X-RAY DIFFRACTION	0.271	0.227	False	True	IGHV6	IGKV1	Kappa	1.4e-07	-9.350354316900614	Unknown	NA	TBD
1pz5	B	A	0	C	peptide	NA	octapeptide (mdwnmhaa)	IMMUNE SYSTEM	07/09/03	Structural basis of peptide-carbohydrate mimicry in an antibody combining site	MUS MUSCULUS; SYNTHETIC CONSTRUCT	mus musculus	mus musculus	NA	Vyas, N.K., Vyas, M.N., Chervenak, M.C., Bundle, D.R., Pinto, B.M., Quiocho, F.A.	1.8	X-RAY DIFFRACTION	0.254	0.21899999999999997	False	False	IGHV6	IGKV1	Kappa	4.00e-06	-7.8	ITC	25	14645714
6d01	G	H	0	J	peptide	NA	nanp5	IMMUNE SYSTEM	04/09/18	Crystal structure of 1210 Fab in complex with circumsporozoite protein NANP5	HOMO SAPIENS; SYNTHETIC CONSTRUCT	homo sapiens	homo sapiens	plasmodium falciparum	Scally, S.W., Bosch, A., Imkeller, K., Wardemann, H., Julien, J.P.	3.2	X-RAY DIFFRACTION	0.227	0.204	False	True	IGHV3	IGKV1	Kappa	2.86e-07	-8.927113962567878	Unknown	NA	TBD
6d01	E	F	0	J	peptide	NA	nanp5	IMMUNE SYSTEM	04/09/18	Crystal structure of 1210 Fab in complex with circumsporozoite protein NANP5	HOMO SAPIENS; SYNTHETIC CONSTRUCT	homo sapiens	homo sapiens	plasmodium falciparum	Scally, S.W., Bosch, A., Imkeller, K., Wardemann, H., Julien, J.P.	3.2	X-RAY DIFFRACTION	0.227	0.204	False	True	IGHV3	IGKV1	Kappa	2.86e-07	-8.927113962567878	Unknown	NA	TBD
6d01	A	B	0	I	peptide	NA	nanp5	IMMUNE SYSTEM	04/09/18	Crystal structure of 1210 Fab in complex with circumsporozoite protein NANP5	HOMO SAPIENS; SYNTHETIC CONSTRUCT	homo sapiens	homo sapiens	plasmodium falciparum	Scally, S.W., Bosch, A., Imkeller, K., Wardemann, H., Julien, J.P.	3.2	X-RAY DIFFRACTION	0.227	0.204	False	True	IGHV3	IGKV1	Kappa	2.86e-07	-8.927113962567878	Unknown	NA	TBD
6d01	C	D	0	I	peptide	NA	nanp5	IMMUNE SYSTEM	04/09/18	Crystal structure of 1210 Fab in complex with circumsporozoite protein NANP5	HOMO SAPIENS; SYNTHETIC CONSTRUCT	homo sapiens	homo sapiens	plasmodium falciparum	Scally, S.W., Bosch, A., Imkeller, K., Wardemann, H., Julien, J.P.	3.2	X-RAY DIFFRACTION	0.227	0.204	False	True	IGHV3	IGKV1	Kappa	2.86e-07	-8.927113962567878	Unknown	NA	TBD
4o4y	H	L	0	A	peptide	NA	ides hinge peptide	IMMUNE SYSTEM	12/19/13	Crystal structure of the anti-hinge rabbit antibody 2095-2 in complex with IDES hinge peptide	ORYCTOLAGUS CUNICULUS, HOMO SAPIENS; SYNTHETIC CONSTRUCT	oryctolagus cuniculus, homo sapiens	oryctolagus cuniculus, homo sapiens	homo sapiens	Malia, T.J., Teplyakov, A., Luo, J., Gilliland, G.L.	1.85	X-RAY DIFFRACTION	0.237	0.192	False	True	IGHV1	IGKV1	Kappa	1.55e-08	-10.654293821025798	Unknown	NA	TBD
4hs8	H	L	0	A	peptide	NA	e2-peptide	IMMUNE SYSTEM	10/29/12	Hepatitus C envelope glycoprotein E2 fragment 412-423 with humanized and affinity-matured antibody hu5B3.v3	HOMO SAPIENS; SYNTHETIC CONSTRUCT	homo sapiens	homo sapiens	hepatitis c virus	Eigenbrot, C., Ultsch, M.	2.6	X-RAY DIFFRACTION	0.264	0.222	False	True	IGHV3	IGKV1	Kappa	1.2000000000000002e-08	-10.805930168369423	Unknown	NA	TBD
1f90	H	L	0	E	peptide	NA	antigenic nonapeptide	IMMUNE SYSTEM	07/06/00	FAB FRAGMENT OF MONOCLONAL ANTIBODY (LNKB-2) AGAINST HUMAN INTERLEUKIN-2 IN COMPLEX WITH ANTIGENIC PEPTIDE	MUS MUSCULUS; SYNTHETIC CONSTRUCT	mus musculus	mus musculus	NA	Afonin, P.V., Fokin, A.V., Tsigannik, I.N., Mikhailova, I.Y., Onoprienko, L.V., Mikhaleva, I.I., Ivanov, V.T., Mareeva, T.Y., Nesmeyanov, V.A., Li, N., Duax, W.L., Pletnev, V.Z.	2.6	X-RAY DIFFRACTION	0.245	0.165	False	False	IGHV3	IGKV1	Kappa	1.19e-08	-10.8	Other	NA	11468348
5e8d	H	L	0	A	peptide	NA	proepiregulin	IMMUNE SYSTEM	10/14/15	Crystal structure of human epiregulin in complex with the Fab fragment of murine monoclonal antibody 9E5	HOMO SAPIENS; MUS MUSCULUS	mus musculus	mus musculus	homo sapiens	Kado, Y., Mizohata, E., Nagatoishi, S., Iijima, M., Shinoda, K., Miyafusa, T., Nakayama, T., Yoshizumi, T., Sugiyama, A., Kawamura, T., Lee, Y.H., Matsumura, H., Doi, H., Fujitani, H., Kodama, T., Shibasaki, Y., Tsumoto, K., Inoue, T.	2.5	X-RAY DIFFRACTION	0.263	0.19	False	False	IGHV14	IGKV19	Kappa	6.5e-09	-11.169184562689624	Unknown	NA	TBD
4hpy	H	L	0	P	peptide	NA	envelope glycoprotein gp160	Immune System/Viral Protein	10/24/12	Crystal structure of RV144-elicited antibody CH59 in complex with V2 peptide	HOMO SAPIENS; SYNTHETIC CONSTRUCT	homo sapiens	homo sapiens	human immunodeficiency virus 1	McLellan, J.S., Gorman, J., Haynes, B.F., Kwong, P.D.	1.5	X-RAY DIFFRACTION	0.187	0.171	False	True	IGHV3	IGLV3	Lambda	1.2e-10	-13.534418347189932	Unknown	NA	TBD
3ggw	B	A	0	E	peptide	NA	peptide b1	IMMUNE SYSTEM	03/02/09	Crystal Structure of FAB F22-4 in complex with a Carbohydrate-mimetic peptide	MUS MUSCULUS; SYNTHETIC CONSTRUCT	mus musculus	mus musculus	NA	Saul, F.A., Vulliez-Le Normand, B., Bentley, G.A.	1.7	X-RAY DIFFRACTION	0.245	0.197	False	False	IGHV6	IGKV2	Kappa	2.9e-06	-7.55	ITC	25	19328810
3ggw	D	C	0	F	peptide	NA	peptide b1	IMMUNE SYSTEM	03/02/09	Crystal Structure of FAB F22-4 in complex with a Carbohydrate-mimetic peptide	MUS MUSCULUS; SYNTHETIC CONSTRUCT	mus musculus	mus musculus	NA	Saul, F.A., Vulliez-Le Normand, B., Bentley, G.A.	1.7	X-RAY DIFFRACTION	0.245	0.197	False	False	IGHV6	IGKV2	Kappa	2.90e-06	-7.55	ITC	25	19328810
5dd0	H	L	0	P	peptide	NA	oligo peptide	IMMUNE SYSTEM	08/24/15	Crystal structures in an anti-HIV antibody lineage from immunization of Rhesus macaques	MACACA MULATTA; HUMAN IMMUNODEFICIENCY VIRUS 1	macaca mulatta	macaca mulatta	human immunodeficiency virus 1	Zhang, R., Verkoczy, L., Wiehe, K., Alam, S.M., Nicely, N.I., Santra, S., Bradley, T., Pemble, C., Gao, F., Montefiori, D.C., Bouton-Verville, H., Kelsoe, G., Parks, R., Foulger, A., Tomaras, G., Keple, T.B., Moody, M.A., Liao, H.-X., Haynes, B.F.	2.488	X-RAY DIFFRACTION	0.27399999999999997	0.22699999999999998	False	True	IGHV4	IGKV1	Kappa	8.37e-08	-9.65512996306636	Unknown	NA	TBD
2hfg	H	L	0	R	peptide	NA	tumor necrosis factor receptor superfamily member 13c	IMMUNE SYSTEM	06/23/06	Crystal structure of hBR3 bound to CB3s-Fab	HOMO SAPIENS	homo sapiens	homo sapiens	homo sapiens	Hymowitz, S.G.	2.61	X-RAY DIFFRACTION	0.252	0.195	False	True	IGHV3	IGKV1	Kappa	6.00e-10	-12.57	SPR	25	16840730
5tkj	J	K	0	L	peptide	NA	hiv-1 fusion peptide residue 512-519	IMMUNE SYSTEM	10/06/16	Structure of vaccine-elicited diverse HIV-1 neutralizing antibody vFP1.01 in complex with HIV-1 fusion peptide residue 512-519	MUS MUSCULUS; SYNTHETIC CONSTRUCT	mus musculus	mus musculus	human immunodeficiency virus 1	Xu, K., Liu, K., Kwong, P.D.	2.1180000000000003	X-RAY DIFFRACTION	0.241	0.198	False	True	IGHV1	IGKV1	Kappa	7.150000000000001e-09	-11.112714836617695	Unknown	NA	TBD
5tkj	D	E	0	F	peptide	NA	hiv-1 fusion peptide residue 512-519	IMMUNE SYSTEM	10/06/16	Structure of vaccine-elicited diverse HIV-1 neutralizing antibody vFP1.01 in complex with HIV-1 fusion peptide residue 512-519	MUS MUSCULUS; SYNTHETIC CONSTRUCT	mus musculus	mus musculus	human immunodeficiency virus 1	Xu, K., Liu, K., Kwong, P.D.	2.1180000000000003	X-RAY DIFFRACTION	0.241	0.198	False	True	IGHV1	IGKV1	Kappa	7.150000000000001e-09	-11.112714836617695	Unknown	NA	TBD
5tkj	A	B	0	C	peptide	NA	hiv-1 fusion peptide residue 512-519	IMMUNE SYSTEM	10/06/16	Structure of vaccine-elicited diverse HIV-1 neutralizing antibody vFP1.01 in complex with HIV-1 fusion peptide residue 512-519	MUS MUSCULUS; SYNTHETIC CONSTRUCT	mus musculus	mus musculus	human immunodeficiency virus 1	Xu, K., Liu, K., Kwong, P.D.	2.1180000000000003	X-RAY DIFFRACTION	0.241	0.198	False	True	IGHV1	IGKV1	Kappa	7.150000000000001e-09	-11.112714836617695	Unknown	NA	TBD
5tkj	G	H	0	I	peptide	NA	hiv-1 fusion peptide residue 512-519	IMMUNE SYSTEM	10/06/16	Structure of vaccine-elicited diverse HIV-1 neutralizing antibody vFP1.01 in complex with HIV-1 fusion peptide residue 512-519	MUS MUSCULUS; SYNTHETIC CONSTRUCT	mus musculus	mus musculus	human immunodeficiency virus 1	Xu, K., Liu, K., Kwong, P.D.	2.1180000000000003	X-RAY DIFFRACTION	0.241	0.198	False	True	IGHV1	IGKV1	Kappa	7.150000000000001e-09	-11.112714836617695	Unknown	NA	TBD
5tkk	H	L	0	A	peptide	NA	hiv-1 fusion peptide residue 512-519	IMMUNE SYSTEM	10/06/16	Structure of mouse vaccination-elicited HIV neutralizing antibody vFP5.01 in complex with HIV-1 fusion peptide residue 512-519	MUS MUSCULUS; SYNTHETIC CONSTRUCT	mus musculus	mus musculus	human immunodeficiency virus 1	Xu, K., Liu, K., Kwong, P.D.	1.55	X-RAY DIFFRACTION	0.247	0.209	False	True	IGHV3	IGKV6	Kappa	5.2900000000000006e-09	-11.291226680167965	Unknown	NA	TBD
2y6s	D	C	0	P	peptide	NA	envelope glycoprotein	IMMUNE SYSTEM/VIRAL PROTEIN	01/25/11	Structure of an Ebolavirus-protective antibody in complex with its  mucin-domain linear epitope	MUS MUSCULUS; SYNTHETIC CONSTRUCT	mus musculus	mus musculus	zaire ebolavirus	Olal, D.O., Kuehne, A., Lee, J.E., Bale, S., Dye, J.M., Saphire, E.O.	2.8	X-RAY DIFFRACTION	0.2873	0.2359	False	False	IGHV1	IGKV3	Kappa	1.0300000000000001e-07	-9.532195517943316	Unknown	NA	TBD
2y6s	H	L	0	Q	peptide	NA	envelope glycoprotein	IMMUNE SYSTEM/VIRAL PROTEIN	01/25/11	Structure of an Ebolavirus-protective antibody in complex with its  mucin-domain linear epitope	MUS MUSCULUS; SYNTHETIC CONSTRUCT	mus musculus	mus musculus	zaire ebolavirus	Olal, D.O., Kuehne, A., Lee, J.E., Bale, S., Dye, J.M., Saphire, E.O.	2.8	X-RAY DIFFRACTION	0.2873	0.2359	False	False	IGHV1	IGKV3	Kappa	1.0300000000000001e-07	-9.532195517943316	Unknown	NA	TBD
2y07	H	L	0	P	peptide	NA	phage display derived antigen	IMMUNE SYSTEM	11/30/10	CRYSTAL STRUCTURE ANALYSIS OF THE ANTI-(4-HYDROXY-3-NITROPHENYL) - ACETYL MURINE GERMLINE MONOCLONAL ANTIBODY BBE6.12H3 FAB FRAGMENT IN  COMPLEX WITH A PHAGE DISPLAY DERIVED DODECAPEPTIDE PPYPAWHAPGNI	MUS MUSCULUS; SYNTHETIC CONSTRUCT	mus musculus	mus musculus	synthetic construct	Khan, T., Salunke, D.M.	2.4	X-RAY DIFFRACTION	0.2572	0.2344	False	False	IGHV1	IGLV1	Lambda	6e-07	-8.488120381868695	Unknown	NA	TBD
2y06	H	L	0	P	peptide	NA	phage display derived antigen	IMMUNE SYSTEM	11/30/10	CRYSTAL STRUCTURE ANALYSIS OF THE ANTI-(4-HYDROXY-3-NITROPHENYL) - ACETYL MURINE GERMLINE ANTIBODY BBE6.12H3 FAB FRAGMENT IN COMPLEX  WITH A PHAGE DISPLAY DERIVED DODECAPEPTIDE GDPRPSYISHLL	MUS MUSCULUS; SYNTHETIC CONSTRUCT	mus musculus	mus musculus	synthetic construct	Khan, T., Salunke, D.M.	2.5	X-RAY DIFFRACTION	0.2663	0.2339	False	False	IGHV1	IGLV1	Lambda	8e-07	-8.317673448912437	Unknown	NA	TBD
2oqj	B	A	0	C	peptide	NA	peptide 2g12.1 (acppshvldmrsgtclaaegk)	Immune system	01/31/07	Crystal structure analysis of Fab 2G12 in complex with peptide 2G12.1	HOMO SAPIENS; SYNTHETIC CONSTRUCT	homo sapiens	homo sapiens	NA	Calarese, D.A., Stanfield, R.L., Menendez, A., Scott, J.K., Wilson, I.A.	2.8	X-RAY DIFFRACTION	0.275	0.234	False	False	IGHV3	IGKV1	Kappa	0.0002	-5.04	SPR	25	18198210
2oqj	H	G	0	I	peptide	NA	peptide 2g12.1 (acppshvldmrsgtclaaegk)	Immune system	01/31/07	Crystal structure analysis of Fab 2G12 in complex with peptide 2G12.1	HOMO SAPIENS; SYNTHETIC CONSTRUCT	homo sapiens	homo sapiens	NA	Calarese, D.A., Stanfield, R.L., Menendez, A., Scott, J.K., Wilson, I.A.	2.8	X-RAY DIFFRACTION	0.275	0.234	False	False	IGHV3	IGKV1	Kappa	0.0002	-5.04	SPR	25	18198210
2oqj	E	D	0	F	peptide	NA	peptide 2g12.1 (acppshvldmrsgtclaaegk)	Immune system	01/31/07	Crystal structure analysis of Fab 2G12 in complex with peptide 2G12.1	HOMO SAPIENS; SYNTHETIC CONSTRUCT	homo sapiens	homo sapiens	NA	Calarese, D.A., Stanfield, R.L., Menendez, A., Scott, J.K., Wilson, I.A.	2.8	X-RAY DIFFRACTION	0.275	0.234	False	False	IGHV3	IGKV1	Kappa	0.0002	-5.04	SPR	25	18198210
2oqj	K	J	0	L	peptide	NA	peptide 2g12.1 (acppshvldmrsgtclaaegk)	Immune system	01/31/07	Crystal structure analysis of Fab 2G12 in complex with peptide 2G12.1	HOMO SAPIENS; SYNTHETIC CONSTRUCT	homo sapiens	homo sapiens	NA	Calarese, D.A., Stanfield, R.L., Menendez, A., Scott, J.K., Wilson, I.A.	2.8	X-RAY DIFFRACTION	0.275	0.234	False	False	IGHV3	IGKV1	Kappa	2.00e-04	-5.04	SPR	25	18198210
1i8k	B	A	0	C	peptide	NA	epidermal growth factor receptor, egfrviiipeptide antigen 	IMMUNE SYSTEM	03/14/01	CRYSTAL STRUCTURE OF DSFV MR1 IN COMPLEX WITH THE PEPTIDE ANTIGEN OF THE MUTANT EPIDERMAL GROWTH FACTOR RECEPTOR, EGFRVIII, AT LIQUID NITROGEN TEMPERATURE	MUS MUSCULUS; SYNTHETIC CONSTRUCT	mus musculus	mus musculus	NA	Landry, R.C., Klimowicz, A.C., Lavictoire, S.J., Borisova, S., Kottachchi, D.T., Lorimer, I.A., Evans, S.V.	1.8	X-RAY DIFFRACTION	0.22399999999999998	0.172	False	True	IGHV5	IGKV17	Kappa	2.20e-08	-10.44	SPR	NA	11352579
5e2v	H	L	0	P	peptide	NA	tau phosphopeptide	IMMUNE SYSTEM	10/01/15	Anti-TAU AT8 FAB with doubly phosphorylated TAU peptide	MUS MUSCULUS; SYNTHETIC CONSTRUCT	mus musculus	mus musculus	homo sapiens	Malia, T., Teplyakov, A.	1.64	X-RAY DIFFRACTION	0.20800000000000002	0.165	False	True	IGHV3	IGKV2	Kappa	8.310000000000001e-07	-8.295148364558688	Unknown	NA	TBD
5e2w	H	L	0	P	peptide	NA	tau-phosphopeptide	IMMUNE SYSTEM	10/01/15	Anti-TAU AT8 FAB with triply phosphorylated TAU peptide	MUS MUSCULUS; SYNTHETIC CONSTRUCT	mus musculus	mus musculus	homo sapiens	Malia, T., Teplyakov, A.	1.5	X-RAY DIFFRACTION	0.22	0.21600000000000003	False	True	IGHV3	IGKV2	Kappa	3.1e-08	-10.243615428706017	Unknown	NA	TBD
5cin	H	L	0	P	peptide	NA	peptide from mper region of hiv-1 env	IMMUNE SYSTEM	07/13/15	Crystal Structure of non-neutralizing version of 4E10 (DeltaLoop) with epitope bound	HOMO SAPIENS; SYNTHETIC CONSTRUCT	homo sapiens	homo sapiens	human immunodeficiency virus 1	Caaveiro, J.M.M., Rujas, E., Nieva, J.L., Tsumoto, K.	1.7	X-RAY DIFFRACTION	0.17800000000000002	0.14800000000000002	False	True	IGHV1	IGKV3	Kappa	1.8000000000000002e-08	-10.565698709005899	Unknown	NA	TBD
5cil	H	L	0	P	peptide	NA	peptide from the mper region of the env protein of hiv-1	IMMUNE SYSTEM	07/13/15	Crystal Structure of non-neutralizing version of 4E10 (WDWD) with epitope bound	HOMO SAPIENS; SYNTHETIC CONSTRUCT	homo sapiens	homo sapiens	human immunodeficiency virus 1	Caaveiro, J.M.M., Rujas, E., Nieva, J.L., Tsumoto, K.	1.81	X-RAY DIFFRACTION	0.188	0.163	False	True	IGHV1	IGKV3	Kappa	4.1e-08	-10.077965960666114	Unknown	NA	TBD
1hh6	B	A	0	C	peptide	NA	pep-4	IMMUNE SYSTEM	12/21/00	ANTI-P24 (HIV-1) FAB FRAGMENT CB41 COMPLEXED WITH A PEPTIDE	MUS MUSCULUS; SYNTHETIC CONSTRUCT	mus musculus	mus musculus	NA	Hahn, M., Wessner, H., Schneider-Mergener, J., Hohne, W.	2.6	X-RAY DIFFRACTION	0.33799999999999997	0.294	False	False	IGHV1	IGKV14	Kappa	1.00e-07	NA	Other	4	10990450
1tet	H	L	0	P	peptide	NA	cholera toxin peptide 3 (ctp3)	IMMUNOGLOBULIN	06/21/93	CRYSTAL STRUCTURE OF AN ANTICHOLERA TOXIN PEPTIDE COMPLEX AT 2.3 ANGSTROMS	MUS MUSCULUS	mus musculus	mus musculus	NA	Shoham, M.	2.3	X-RAY DIFFRACTION	unknown	0.14800000000000002	False	False	IGHV9	IGKV1	Kappa	8.30e-07	-8.24	Other	23	7690406
6df1	H	L	0	A	peptide	NA	leu-ptr	IMMUNE SYSTEM	05/13/18	anti-phosphotyrosine antibody 4G10-4D5 Fab complexed with sulfate	HOMO SAPIENS; SYNTHETIC CONSTRUCT	homo sapiens	homo sapiens	synthetic construct	Mou, K., Leung, K., Wells, J.A.	2.3	X-RAY DIFFRACTION	0.222	0.203	False	True	IGHV3	IGKV1	Kappa	2.77e-07	-8.946058216241992	Unknown	NA	TBD
6df2	H	L	0	D	peptide	NA	leu-ptr-leu	IMMUNE SYSTEM	05/13/18	Improved anti-phosphotyrosine antibody 4G10-S5-4D5 Fab complexed with phosphotyrosine peptide	SYNTHETIC CONSTRUCT	synthetic construct	synthetic construct	synthetic construct	Mou, K., Leung, K., Wells, J.A.	2.6	X-RAY DIFFRACTION	0.23	0.177	False	True	IGHV3	IGKV1	Kappa	5.720000000000001e-08	-9.880679659658352	Unknown	NA	TBD
6df2	B	A	0	C	peptide	NA	leu-ptr-leu	IMMUNE SYSTEM	05/13/18	Improved anti-phosphotyrosine antibody 4G10-S5-4D5 Fab complexed with phosphotyrosine peptide	SYNTHETIC CONSTRUCT	synthetic construct	synthetic construct	synthetic construct	Mou, K., Leung, K., Wells, J.A.	2.6	X-RAY DIFFRACTION	0.23	0.177	False	True	IGHV3	IGKV1	Kappa	5.720000000000001e-08	-9.880679659658352	Unknown	NA	TBD
3bky	H	L	0	P	peptide	NA	b-lymphocyte antigen cd20	IMMUNE SYSTEM	12/07/07	Crystal Structure of Chimeric Antibody C2H7 Fab in complex with a CD20 Peptide	HOMO SAPIENS, MUS MUSCULUS; SYNTHETIC CONSTRUCT	homo sapiens, mus musculus	homo sapiens, mus musculus	NA	Du, J., Zhong, C., Ding, J.	2.61	X-RAY DIFFRACTION	0.301	0.23399999999999999	False	True	IGHV1	IGKV4	Kappa	4.35e-07	-8.67	SPR	NA	18346788
4jg1	H	L	0	P	peptide	NA	phosphopeptide	immune system	02/28/13	Structure of phosphoserine/threonine (pSTAb) scaffold bound to pThr peptide	ESCHERICHIA COLI; SYNTHETIC CONSTRUCT	NA	NA	NA	Koerber, J.T., Thomsen, N.D., Hannigan, B.T., Degrado, W.F., Wells, J.A.	1.55	X-RAY DIFFRACTION	0.174	0.151	False	True	IGHV3	IGKV3	Kappa	2.32e-07	-9.051093802733906	TBD	Unknown	NA
4j8r	B	A	0	I	peptide	NA	major prion protein	IMMUNE SYSTEM	02/14/13	Structure of an octapeptide repeat of the prion protein bound to the POM2 Fab antibody fragment	MUS MUSCULUS; SYNTHETIC CONSTRUCT	mus musculus	mus musculus	mus musculus	Swayampakula, M., Baral, P.K., Kav, N.N.V., Aguzzi, A., James, M.N.G.	2.303	X-RAY DIFFRACTION	0.257	0.247	False	False	IGHV1	IGKV6	Kappa	2e-08	-10.503274322962254	Unknown	NA	TBD
4j8r	D	C	0	J	peptide	NA	major prion protein	IMMUNE SYSTEM	02/14/13	Structure of an octapeptide repeat of the prion protein bound to the POM2 Fab antibody fragment	MUS MUSCULUS; SYNTHETIC CONSTRUCT	mus musculus	mus musculus	mus musculus	Swayampakula, M., Baral, P.K., Kav, N.N.V., Aguzzi, A., James, M.N.G.	2.303	X-RAY DIFFRACTION	0.257	0.247	False	False	IGHV1	IGKV6	Kappa	2e-08	-10.503274322962254	Unknown	NA	TBD
4xgz	C	D	0	c	peptide	NA	unknown	CELL ADHESION	01/04/15	Crystal structure of human paxillin LD2 motif in complex with Fab fragment	HOMO SAPIENS; SYNTHETIC CONSTRUCT	homo sapiens	homo sapiens	homo sapiens	Nocula-Lugowska, M., Lugowski, M., Salgia, R., Kossiakoff, A.A.	2.5	X-RAY DIFFRACTION	0.245	0.228	False	True	IGHV3	IGKV1	Kappa	2.4000000000000003e-08	-10.395251776049642	Unknown	NA	TBD
4xgz	S	T	0	s	peptide	NA	unknown	CELL ADHESION	01/04/15	Crystal structure of human paxillin LD2 motif in complex with Fab fragment	HOMO SAPIENS; SYNTHETIC CONSTRUCT	homo sapiens	homo sapiens	homo sapiens	Nocula-Lugowska, M., Lugowski, M., Salgia, R., Kossiakoff, A.A.	2.5	X-RAY DIFFRACTION	0.245	0.228	False	True	IGHV3	IGKV1	Kappa	2.4000000000000003e-08	-10.395251776049642	Unknown	NA	TBD
4xgz	A	B	0	a	peptide	NA	unknown	CELL ADHESION	01/04/15	Crystal structure of human paxillin LD2 motif in complex with Fab fragment	HOMO SAPIENS; SYNTHETIC CONSTRUCT	homo sapiens	homo sapiens	homo sapiens	Nocula-Lugowska, M., Lugowski, M., Salgia, R., Kossiakoff, A.A.	2.5	X-RAY DIFFRACTION	0.245	0.228	False	True	IGHV3	IGKV1	Kappa	2.4000000000000003e-08	-10.395251776049642	Unknown	NA	TBD
4xgz	E	F	0	e	peptide	NA	unknown	CELL ADHESION	01/04/15	Crystal structure of human paxillin LD2 motif in complex with Fab fragment	HOMO SAPIENS; SYNTHETIC CONSTRUCT	homo sapiens	homo sapiens	homo sapiens	Nocula-Lugowska, M., Lugowski, M., Salgia, R., Kossiakoff, A.A.	2.5	X-RAY DIFFRACTION	0.245	0.228	False	True	IGHV3	IGKV1	Kappa	2.4000000000000003e-08	-10.395251776049642	Unknown	NA	TBD
4xgz	U	V	0	u	peptide	NA	unknown	CELL ADHESION	01/04/15	Crystal structure of human paxillin LD2 motif in complex with Fab fragment	HOMO SAPIENS; SYNTHETIC CONSTRUCT	homo sapiens	homo sapiens	homo sapiens	Nocula-Lugowska, M., Lugowski, M., Salgia, R., Kossiakoff, A.A.	2.5	X-RAY DIFFRACTION	0.245	0.228	False	True	IGHV3	IGKV1	Kappa	2.4000000000000003e-08	-10.395251776049642	Unknown	NA	TBD
4xgz	G	I	0	g	peptide	NA	unknown	CELL ADHESION	01/04/15	Crystal structure of human paxillin LD2 motif in complex with Fab fragment	HOMO SAPIENS; SYNTHETIC CONSTRUCT	homo sapiens	homo sapiens	homo sapiens	Nocula-Lugowska, M., Lugowski, M., Salgia, R., Kossiakoff, A.A.	2.5	X-RAY DIFFRACTION	0.245	0.228	False	True	IGHV3	IGKV1	Kappa	2.4000000000000003e-08	-10.395251776049642	Unknown	NA	TBD
4xgz	J	K	0	j	peptide	NA	unknown	CELL ADHESION	01/04/15	Crystal structure of human paxillin LD2 motif in complex with Fab fragment	HOMO SAPIENS; SYNTHETIC CONSTRUCT	homo sapiens	homo sapiens	homo sapiens	Nocula-Lugowska, M., Lugowski, M., Salgia, R., Kossiakoff, A.A.	2.5	X-RAY DIFFRACTION	0.245	0.228	False	True	IGHV3	IGKV1	Kappa	2.4000000000000003e-08	-10.395251776049642	Unknown	NA	TBD
4xgz	H	L	0	h	peptide	NA	unknown	CELL ADHESION	01/04/15	Crystal structure of human paxillin LD2 motif in complex with Fab fragment	HOMO SAPIENS; SYNTHETIC CONSTRUCT	homo sapiens	homo sapiens	homo sapiens	Nocula-Lugowska, M., Lugowski, M., Salgia, R., Kossiakoff, A.A.	2.5	X-RAY DIFFRACTION	0.245	0.228	False	True	IGHV3	IGKV1	Kappa	2.4000000000000003e-08	-10.395251776049642	Unknown	NA	TBD
4xgz	W	X	0	w	peptide	NA	unknown	CELL ADHESION	01/04/15	Crystal structure of human paxillin LD2 motif in complex with Fab fragment	HOMO SAPIENS; SYNTHETIC CONSTRUCT	homo sapiens	homo sapiens	homo sapiens	Nocula-Lugowska, M., Lugowski, M., Salgia, R., Kossiakoff, A.A.	2.5	X-RAY DIFFRACTION	0.245	0.228	False	True	IGHV3	IGKV1	Kappa	2.4000000000000003e-08	-10.395251776049642	Unknown	NA	TBD
4xgz	Q	R	0	q	peptide	NA	unknown	CELL ADHESION	01/04/15	Crystal structure of human paxillin LD2 motif in complex with Fab fragment	HOMO SAPIENS; SYNTHETIC CONSTRUCT	homo sapiens	homo sapiens	homo sapiens	Nocula-Lugowska, M., Lugowski, M., Salgia, R., Kossiakoff, A.A.	2.5	X-RAY DIFFRACTION	0.245	0.228	False	True	IGHV3	IGKV1	Kappa	2.4000000000000003e-08	-10.395251776049642	Unknown	NA	TBD
4xgz	M	N	0	m	peptide	NA	unknown	CELL ADHESION	01/04/15	Crystal structure of human paxillin LD2 motif in complex with Fab fragment	HOMO SAPIENS; SYNTHETIC CONSTRUCT	homo sapiens	homo sapiens	homo sapiens	Nocula-Lugowska, M., Lugowski, M., Salgia, R., Kossiakoff, A.A.	2.5	X-RAY DIFFRACTION	0.245	0.228	False	True	IGHV3	IGKV1	Kappa	2.4000000000000003e-08	-10.395251776049642	Unknown	NA	TBD
4xgz	O	P	0	o	peptide	NA	unknown	CELL ADHESION	01/04/15	Crystal structure of human paxillin LD2 motif in complex with Fab fragment	HOMO SAPIENS; SYNTHETIC CONSTRUCT	homo sapiens	homo sapiens	homo sapiens	Nocula-Lugowska, M., Lugowski, M., Salgia, R., Kossiakoff, A.A.	2.5	X-RAY DIFFRACTION	0.245	0.228	False	True	IGHV3	IGKV1	Kappa	2.4000000000000003e-08	-10.395251776049642	Unknown	NA	TBD
5csz	H	L	0	D	peptide	NA	amyloid beta a4 protein	IMMUNE SYSTEM	07/23/15	CRYSTAL STRUCTURE OF GANTENERUMAB FAB FRAGMENT IN COMPLEX WITH ABETA 1-11	HOMO SAPIENS; SYNTHETIC CONSTRUCT	homo sapiens	homo sapiens	homo sapiens	Benz, J., Burger, D., Loetscher, H.R., Bohrmann, B.	1.8	X-RAY DIFFRACTION	0.23	0.196	False	True	IGHV3	IGKV3	Kappa	1.7e-08	-10.599564136380756	Unknown	NA	TBD
5csz	A	B	0	E	peptide	NA	amyloid beta a4 protein	IMMUNE SYSTEM	07/23/15	CRYSTAL STRUCTURE OF GANTENERUMAB FAB FRAGMENT IN COMPLEX WITH ABETA 1-11	HOMO SAPIENS; SYNTHETIC CONSTRUCT	homo sapiens	homo sapiens	homo sapiens	Benz, J., Burger, D., Loetscher, H.R., Bohrmann, B.	1.8	X-RAY DIFFRACTION	0.23	0.196	False	True	IGHV3	IGKV3	Kappa	1.7e-08	-10.599564136380756	Unknown	NA	TBD
4zfo	A	B	0	F	peptide	NA	tumor necrosis factor receptor superfamily member 17	IMMUNE SYSTEM	04/21/15	J22.9-xi: chimeric mouse/human antibody against human BCMA (CD269)	MUS MUSCULUS; HOMO SAPIENS	mus musculus	mus musculus	homo sapiens	Marino, S.F., Daumke, O., Olal, D.	1.895	X-RAY DIFFRACTION	0.209	0.17600000000000002	False	True	IGHV4	IGKV6	Kappa	2.1e-11	-14.567099215178107	Unknown	NA	TBD
4zfo	H	L	0	K	peptide	NA	tumor necrosis factor receptor superfamily member 17	IMMUNE SYSTEM	04/21/15	J22.9-xi: chimeric mouse/human antibody against human BCMA (CD269)	MUS MUSCULUS; HOMO SAPIENS	mus musculus	mus musculus	homo sapiens	Marino, S.F., Daumke, O., Olal, D.	1.895	X-RAY DIFFRACTION	0.209	0.17600000000000002	False	True	IGHV4	IGKV6	Kappa	2.1e-11	-14.567099215178107	Unknown	NA	TBD
3ixt	H	L	0	P	peptide	NA	fusion glycoprotein f1	IMMUNE SYSTEM	09/04/09	Crystal Structure of Motavizumab Fab Bound to Peptide Epitope	MUS MUSCULUS; HUMAN RESPIRATORY SYNCYTIAL VIRUS	mus musculus	mus musculus	human respiratory syncytial virus	McLellan, J.S., Chen, M., Kim, A., Yang, Y., Graham, B.S., Kwong, P.D.	2.75	X-RAY DIFFRACTION	0.274	0.213	False	True	IGHV2	IGKV1	Kappa	2.41e-07	-9.02	SPR	NA	20098425
3ixt	A	B	0	C	peptide	NA	fusion glycoprotein f1	IMMUNE SYSTEM	09/04/09	Crystal Structure of Motavizumab Fab Bound to Peptide Epitope	MUS MUSCULUS; HUMAN RESPIRATORY SYNCYTIAL VIRUS	mus musculus	mus musculus	human respiratory syncytial virus	McLellan, J.S., Chen, M., Kim, A., Yang, Y., Graham, B.S., Kwong, P.D.	2.75	X-RAY DIFFRACTION	0.274	0.213	False	True	IGHV2	IGKV1	Kappa	2.41e-07	-9.02	SPR	NA	20098425
3o6l	H	L	0	C	peptide	NA	protein tat 15-mer peptide	IMMUNE SYSTEM	07/29/10	Anti-Tat HIV 11H6H1 Fab' complexed with a 15-mer Tat peptide	MUS MUSCULUS; SYNTHETIC CONSTRUCT	mus musculus	mus musculus	NA	Serriere, J., Gouet, P., Guillon, C.	2.1	X-RAY DIFFRACTION	0.22699999999999998	0.18600000000000003	False	False	IGHV5	IGKV1	Kappa	3.10e-08	-9.93	Other	16	21035463
3fn0	H	L	0	P	peptide	NA	envelope polyprotein gp160	IMMUNE SYSTEM	12/22/08	Crystal structure of HIV-1 neutralizing human Fab Z13e1 in complex with a 12-residue peptide containing the Z13e1 epitope on gp41	HOMO SAPIENS; SYNTHETIC CONSTRUCT	homo sapiens	homo sapiens	NA	Pejchal, R., Wilson, I.A., Zwick, M.B.	1.8	X-RAY DIFFRACTION	0.252	0.21	False	True	IGHV4	IGKV3D	Kappa	3.9999999999999996e-05	-5.99986366241171	Unknown	NA	TBD
5eoc	J	M	0	Q	peptide	NA	ala-cys-gln-leu-ile-asn-thr-asn-gly-ser-trp-his-ile-cys	IMMUNE SYSTEM	11/10/15	Crystal structure of Fab C2 in complex with a Cyclic variant of Hepatitis C Virus E2 epitope I	MUS MUSCULUS; SYNTHETIC CONSTRUCT	mus musculus	mus musculus	hepatitis c virus	Berisio, R., Ruggiero, A., Sandomenico, A., Patel, A.H., Ruvo, M., Vitagliano, L.	1.98	X-RAY DIFFRACTION	0.266	0.234	False	False	IGHV1	IGKV3	Kappa	3.03e-08	-10.257147454957629	Unknown	NA	TBD
5eoc	H	L	0	P	peptide	NA	ala-cys-gln-leu-ile-asn-thr-asn-gly-ser-trp-his-ile-cys	IMMUNE SYSTEM	11/10/15	Crystal structure of Fab C2 in complex with a Cyclic variant of Hepatitis C Virus E2 epitope I	MUS MUSCULUS; SYNTHETIC CONSTRUCT	mus musculus	mus musculus	hepatitis c virus	Berisio, R., Ruggiero, A., Sandomenico, A., Patel, A.H., Ruvo, M., Vitagliano, L.	1.98	X-RAY DIFFRACTION	0.266	0.234	False	False	IGHV1	IGKV3	Kappa	3.03e-08	-10.257147454957629	Unknown	NA	TBD
1n64	H	L	0	P	peptide	NA	genome polyprotein capsid protein c	IMMUNE SYSTEM	11/08/02	Crystal structure analysis of the immunodominant antigenic site on Hepatitis C virus protein bound to mAb 19D9D6	MUS MUSCULUS; SYNTHETIC CONSTRUCT	NA	mus musculus	NA	Menez, R., Bossus, M., Muller, B., Sibai, G., Dalbon, P., Ducancel, F., Jolivet-Reynaud, C., Stura, E.	2.34	X-RAY DIFFRACTION	0.245	0.19	False	True	IGHV9	IGKV8	Kappa	1.30e-09	-12.12	SPR	NA	12574359
2zpk	H	L	0	P	peptide	NA	proteinase-activated receptor 4	IMMUNE SYSTEM	07/16/08	Crystal structure of P20.1 Fab fragment in complex with its antigen peptide	MUS MUSCULUS; SYNTHETIC CONSTRUCT	mus musculus	mus musculus	NA	Nogi, T., Sanagawa, T., Takagi, J.	1.8	X-RAY DIFFRACTION	0.204	0.172	False	False	IGHV9	IGLV1	Lambda	1.47e-06	-7.95	SPR	25	18787202
2zpk	I	M	0	Q	peptide	NA	proteinase-activated receptor 4	IMMUNE SYSTEM	07/16/08	Crystal structure of P20.1 Fab fragment in complex with its antigen peptide	MUS MUSCULUS; SYNTHETIC CONSTRUCT	mus musculus	mus musculus	NA	Nogi, T., Sanagawa, T., Takagi, J.	1.8	X-RAY DIFFRACTION	0.204	0.172	False	False	IGHV9	IGLV1	Lambda	1.47e-06	-7.95	SPR	25	18787202
4ris	H	L	0	P	peptide	NA	envelope glycoprotein	Immune system	10/07/14	Structural Analysis of the Unmutated Ancestor of the HIV-1 Envelope V2 Region Antibody CH58 Isolated From an RV144 HIV-1 Vaccine Efficacy Trial Vaccinee and Associated with Decreased Transmission Risk	HOMO SAPIENS; SYNTHETIC CONSTRUCT	homo sapiens	homo sapiens	human immunodeficiency virus 1	Nicely, N.I., Wiehe, K., Kepler, T.B., Jaeger, F.H., Dennison, S.M., Liao, H.-X., Alam, S.M., Hwang, K.-K., Bonsignori, M., Rerks-Ngarm, S., Nitayaphan, S., Pitisuttithum, P., Kaewkungwal, J., Robb, M.L., O'Connell, R.J., Michael, N.L., Kim, J.H., Haynes, B.F.	2.3	X-RAY DIFFRACTION	0.24600000000000002	0.161	False	True	IGHV5	IGLV6	Lambda	9e-07	-8.247888922505172	Unknown	NA	TBD
4onf	H	L	0	P	peptide	NA	amyloid beta a4 protein	IMMUNE SYSTEM	01/28/14	Fab fragment of 3D6 in complex with amyloid beta 1-7	MUS MUSCULUS; SYNTHETIC CONSTRUCT	mus musculus	mus musculus	homo sapiens	Feinberg, H., Saldanha, J.W., Diep, L., Goel, A., Widom, A., Veldman, G.M., Weis, W.I., Schenk, D., Basi, G.S.	2.0	X-RAY DIFFRACTION	0.203	0.158	False	True	IGHV5	IGKV1	Kappa	1.2e-09	-12.170174257779676	Unknown	NA	TBD
6cdm	A	B	0	C	peptide	NA	hiv fusion peptide (512-519)	IMMUNE SYSTEM	02/08/18	Structure of vaccine-elicited HIV-1 neutralizing antibody vFP7.04 in complex with HIV-1 fusion peptide residue 512-519	MUS MUSCULUS; SYNTHETIC CONSTRUCT	mus musculus	mus musculus	human immunodeficiency virus 1	Xu, K., Liu, K., Kwong, P.D.	2.408	X-RAY DIFFRACTION	0.222	0.184	False	True	IGHV1	IGKV1	Kappa	8.050000000000001e-10	-12.406714218098521	Unknown	NA	TBD
6cdm	D	E	0	F	peptide	NA	hiv fusion peptide (512-519)	IMMUNE SYSTEM	02/08/18	Structure of vaccine-elicited HIV-1 neutralizing antibody vFP7.04 in complex with HIV-1 fusion peptide residue 512-519	MUS MUSCULUS; SYNTHETIC CONSTRUCT	mus musculus	mus musculus	human immunodeficiency virus 1	Xu, K., Liu, K., Kwong, P.D.	2.408	X-RAY DIFFRACTION	0.222	0.184	False	True	IGHV1	IGKV1	Kappa	8.050000000000001e-10	-12.406714218098521	Unknown	NA	TBD
6cdo	A	B	0	C	peptide	NA	hiv-1 fusion peptide 512-519	IMMUNE SYSTEM	02/08/18	Structure of vaccine-elicited HIV-1 neutralizing antibody vFP16.02 in complex with HIV-1 fusion peptide residue 512-519	MUS MUSCULUS; SYNTHETIC CONSTRUCT	mus musculus	mus musculus	human immunodeficiency virus 1	Xu, K., Liu, K., Kwong, P.D.	2.099	X-RAY DIFFRACTION	0.226	0.19399999999999998	False	True	IGHV1	IGKV1	Kappa	1.06e-09	-12.243673427577415	Unknown	NA	TBD
2mpa	H	L	0	P	peptide	NA	conjugate of pora p1.16 peptide with fluorescein	IMMUNE SYSTEM	06/09/99	BACTERICIDAL ANTIBODY AGAINST NEISSERIA MENINGITIDIS	MUS MUSCULUS; SYNTHETIC CONSTRUCT	mus musculus	mus musculus	NA	Van Den Elsen, J.M.H., Herron, J.N., Kroon, J., Gros, P.	2.6	X-RAY DIFFRACTION	0.264	0.20199999999999999	False	False	IGHV1	IGKV1	Kappa	9.1e-09	-10.969830253718456	Unknown	NA	TBD
2j4w	H	L	0	D	peptide	NA	apical membrane antigen 1	IMMUNE SYSTEM	09/07/06	Structure of a Plasmodium vivax apical membrane antigen 1-Fab F8.12. 18 complex	PLASMODIUM VIVAX; MUS MUSCULUS	mus musculus	mus musculus	plasmodium vivax	Igonet, S., Vulliez-Le Normand, B., Faure, G., Riottot, M.M., Kocken, C.H.M., Thomas, A.W., Bentley, G.A.	2.5	X-RAY DIFFRACTION	0.24100000000000002	0.187	False	False	IGHV5	IGKV4	Kappa	6.00e-10	-12.57	SPR	NA	17229439
4n9g	M	N	0	Z	peptide	NA	epitope scaffold rsv_1isea_ffl_001_c	IMMUNE SYSTEM	10/21/13	Crystal Structure of a Computationally Designed RSV-Presenting Epitope Scaffold And Its Elicited Antibody 17HD9	MACACA MULATTA; SYNTHETIC CONSTRUCT	macaca mulatta	macaca mulatta	synthetic construct	Carrico, C.T.D., Strong, R.K.	2.5	X-RAY DIFFRACTION	0.295	0.263	False	True	IGHV4	IGKV1	Kappa	3.26e-10	-12.942286816628542	Unknown	NA	TBD
4n9g	H	L	0	Y	peptide	NA	epitope scaffold rsv_1isea_ffl_001_c	IMMUNE SYSTEM	10/21/13	Crystal Structure of a Computationally Designed RSV-Presenting Epitope Scaffold And Its Elicited Antibody 17HD9	MACACA MULATTA; SYNTHETIC CONSTRUCT	macaca mulatta	macaca mulatta	synthetic construct	Carrico, C.T.D., Strong, R.K.	2.5	X-RAY DIFFRACTION	0.295	0.263	False	True	IGHV4	IGKV1	Kappa	3.26e-10	-12.942286816628542	Unknown	NA	TBD
4n9g	E	F	0	D	peptide	NA	epitope scaffold rsv_1isea_ffl_001_c	IMMUNE SYSTEM	10/21/13	Crystal Structure of a Computationally Designed RSV-Presenting Epitope Scaffold And Its Elicited Antibody 17HD9	MACACA MULATTA; SYNTHETIC CONSTRUCT	macaca mulatta	macaca mulatta	synthetic construct	Carrico, C.T.D., Strong, R.K.	2.5	X-RAY DIFFRACTION	0.295	0.263	False	True	IGHV4	IGKV1	Kappa	3.26e-10	-12.942286816628542	Unknown	NA	TBD
4n9g	A	B	0	C	peptide	NA	epitope scaffold rsv_1isea_ffl_001_c	IMMUNE SYSTEM	10/21/13	Crystal Structure of a Computationally Designed RSV-Presenting Epitope Scaffold And Its Elicited Antibody 17HD9	MACACA MULATTA; SYNTHETIC CONSTRUCT	macaca mulatta	macaca mulatta	synthetic construct	Carrico, C.T.D., Strong, R.K.	2.5	X-RAY DIFFRACTION	0.295	0.263	False	True	IGHV4	IGKV1	Kappa	3.26e-10	-12.942286816628542	Unknown	NA	TBD
3pp4	H	L	0	P	peptide	NA	b-lymphocyte antigen cd20	IMMUNE SYSTEM	11/24/10	Epitope characterization and crystal structure of GA101 provide insights into the molecular basis for the type I / type II distinction of anti- CD20 antibodies	MUS MUSCULUS; SYNTHETIC CONSTRUCT	mus musculus	mus musculus	homo sapiens	Hopfner, K.-P., Lammens, A.	1.6	X-RAY DIFFRACTION	0.187	0.13699999999999998	False	True	IGHV1	IGKV2D	Kappa	7.00e-06	NA	ITC	25	21444918
2hkf	H	L	0	P	peptide	NA	carbonic anhydrase 9	immune system	07/04/06	Crystal structure of the Complex Fab M75- Peptide	MUS MUSCULUS; SYNTHETIC CONSTRUCT	mus musculus	mus musculus	NA	Kral, V., Mader, P., Stouracova, R., Fabry, M., Horejsi, M., Brynda, J.	2.01	X-RAY DIFFRACTION	0.242	0.17600000000000002	False	False	IGHV10	IGKV1	Kappa	3.10e-07	-8.89	ITC	25	18041760
4qxt	A	B	0	Q	peptide	NA	merozoite surface antigen 2	IMMUNE SYSTEM	07/22/14	Crystal Structure of anti-MSP2 Fv fragment (mAb6D8)in complex with FC27-MSP2 14-30	MUS MUSCULUS; SYNTHETIC CONSTRUCT	mus musculus	mus musculus	plasmodium falciparum k1	Morales, R.A.V., MacRaild, C.A., Seow, J., Bankala, K., Drinkwater, N., McGowan, S., Rouet, R., Christ, D., Anders, R.F., Norton, R.S.	1.58	X-RAY DIFFRACTION	0.177	0.156	False	True	IGHV14	IGKV3	Kappa	1.6e-08	-10.635483235413165	Unknown	NA	TBD
5i8c	A	B	0	C	peptide	NA	hiv-1 clade a bg505 fusion peptide (residue 512-520)	IMMUNE SYSTEM	02/18/16	Crystal Structure of HIV-1 Clade A BG505 Fusion Peptide (residue 512-520) in Complex with Broadly Neutralizing Antibody VRC34.01 Fab	HOMO SAPIENS; SYNTHETIC CONSTRUCT	homo sapiens	homo sapiens	human immunodeficiency virus 1	Xu, K., Zhou, T., Liu, K., Kwong, P.D.	1.54	X-RAY DIFFRACTION	0.182	0.16	False	True	IGHV1	IGKV1	Kappa	2.5000000000000002e-08	-10.371065410511342	Unknown	NA	TBD
5wtt	A	B	0	C	peptide	NA	epitope peptide of cyr61	PROTEIN BINDING	12/14/16	Structure of the 093G9 Fab in complex with the epitope peptide	HOMO SAPIENS; MUS MUSCULUS; SYNTHETIC CONSTRUCT	mus musculus	homo sapiens	homo sapiens	Zhong, C., Hu, K., Shen, J., Ding, J.	2.7	X-RAY DIFFRACTION	0.274	0.222	False	True	IGHV3	IGKV1	Kappa	2.5e-07	-9.006821321101087	Unknown	NA	TBD
5wtt	H	L	0	P	peptide	NA	epitope peptide of cyr61	PROTEIN BINDING	12/14/16	Structure of the 093G9 Fab in complex with the epitope peptide	HOMO SAPIENS; MUS MUSCULUS; SYNTHETIC CONSTRUCT	mus musculus	homo sapiens	homo sapiens	Zhong, C., Hu, K., Shen, J., Ding, J.	2.7	X-RAY DIFFRACTION	0.274	0.222	False	True	IGHV3	IGKV1	Kappa	2.5e-07	-9.006821321101087	Unknown	NA	TBD
2or9	I	M	0	P	peptide	NA	synthetic epitope peptide of 9e10	IMMUNE SYSTEM	02/02/07	The structure of the anti-c-myc antibody 9E10 Fab fragment/epitope peptide complex reveals a novel binding mode dominated by the heavy chain hypervariable loops	MUS MUSCULUS; SYNTHETIC CONSTRUCT	mus musculus	mus musculus	NA	Krauss, N., Scheerer, P., Hoehne, W.	2.7	X-RAY DIFFRACTION	0.31	0.252	False	False	IGHV5	IGKV3	Kappa	5e-07	-8.6	ITC	25	18473392
2or9	H	L	0	P	peptide	NA	synthetic epitope peptide of 9e10	IMMUNE SYSTEM	02/02/07	The structure of the anti-c-myc antibody 9E10 Fab fragment/epitope peptide complex reveals a novel binding mode dominated by the heavy chain hypervariable loops	MUS MUSCULUS; SYNTHETIC CONSTRUCT	mus musculus	mus musculus	NA	Krauss, N., Scheerer, P., Hoehne, W.	2.7	X-RAY DIFFRACTION	0.31	0.252	False	False	IGHV5	IGKV3	Kappa	5.00e-07	-8.6	ITC	25	18473392
4wy7	H	L	0	P	peptide	NA	envelope glycoprotein gp160	IMMUNE SYSTEM	11/16/14	Crystal structure of recombinant 4E10 expressed in Escherichia coli with epitope bound	HOMO SAPIENS; HUMAN IMMUNODEFICIENCY VIRUS TYPE 1 GROUP M SUBTYPE B	homo sapiens	homo sapiens	human immunodeficiency virus type 1 group msubtype b 	Rujas, E., Morante, K., Tsumoto, K., Nieva, J.L., Caaveiro, J.M.M.	2.1	X-RAY DIFFRACTION	0.207	0.162	False	True	IGHV1	IGKV3	Kappa	1.67e-07	-9.24586899649438	Unknown	NA	TBD
3eyf	B	A	0	E	peptide	NA	synthetic peptide	IMMUNE SYSTEM	10/20/08	Crystal structure of anti-human cytomegalovirus antibody 8f9 plus gB peptide	HOMO SAPIENS; SYNTHETIC CONSTRUCT	homo sapiens	homo sapiens	NA	Thomson, C.A., Bryson, S., McLean, G.R., Creagh, A.L., Pai, E.F., Schrader, J.W.	2.3	X-RAY DIFFRACTION	0.23	0.21	False	True	IGHV3	IGKV3	Kappa	9.400000000000001e-08	-9.3	ITC	24	18772881
3eyf	D	C	0	F	peptide	NA	synthetic peptide	IMMUNE SYSTEM	10/20/08	Crystal structure of anti-human cytomegalovirus antibody 8f9 plus gB peptide	HOMO SAPIENS; SYNTHETIC CONSTRUCT	homo sapiens	homo sapiens	NA	Thomson, C.A., Bryson, S., McLean, G.R., Creagh, A.L., Pai, E.F., Schrader, J.W.	2.3	X-RAY DIFFRACTION	0.23	0.21	False	True	IGHV3	IGKV3	Kappa	9.40e-08	-9.3	ITC	24	18772881
3eys	H	L	0	Q	peptide	NA	pyro-glu3-a-beta (3-8) peptide	IMMUNE SYSTEM	10/21/08	PFA1 Fab fragment complexed with pyro-Glu3-A-Beta (3-8)	MUS MUSCULUS; SYNTHETIC CONSTRUCT	mus musculus	mus musculus	NA	Gardberg, A.S., Dealwis, C.G.	1.95	X-RAY DIFFRACTION	0.256	0.204	False	True	IGHV8	IGKV1	Kappa	3.00e-06	-7.4	SPR	20	19385664
3eyu	H	L	0	Q	peptide	NA	ror2(518-525) peptide	IMMUNE SYSTEM	10/21/08	PFA1 Fab fragment complexed with Ror2(518-525)	MUS MUSCULUS; SYNTHETIC CONSTRUCT	mus musculus	mus musculus	NA	Gardberg, A.S., Dealwis, C.G.	2.71	X-RAY DIFFRACTION	0.248	0.177	False	True	IGHV8	IGKV1	Kappa	2.40e-08	-10.21	SPR	20	19385664
3uyr	H	L	0	P	peptide	NA	h-2 class i histocompatibility antigen, l-d alpha chain	IMMUNE SYSTEM	12/06/11	Structure of a monoclonal antibody complexed with its MHC-I antigen	MUS MUSCULUS; SYNTHETIC CONSTRUCT	mus musculus	mus musculus	mus musculus	Margulies, D.H., Mage, M.G., Wang, R., Natarajan, K.	1.7	X-RAY DIFFRACTION	0.226	0.192	False	False	IGHV5	IGKV1	Kappa	1.27e-07	-9.408095013098825	Unknown	NA	TBD
5ghw	H	L	0	P	peptide	NA	endogenous retrovirus group k member 8 env polyprotein	IMMUNE SYSTEM	06/21/16	Crystal structure of broad neutralizing antibody 10E8 with long epitope bound	HOMO SAPIENS; SYNTHETIC CONSTRUCT	homo sapiens	homo sapiens	human immunodeficiency virus 1	Caaveiro, J.M.M., Rujas, E., Morante, K., Nieva, J.L., Tsumoto, K.	2.4	X-RAY DIFFRACTION	0.23	0.192	False	True	IGHV3	IGLV3	Lambda	9.6e-09	-10.938139080820335	Unknown	NA	TBD
5t78	D	C	0	E	peptide	NA	muc1 glycopeptide	IMMUNE SYSTEM	09/02/16	Crystal structure of therapeutic mAB AR20.5 in complex with MUC1 peptide	MUS MUSCULUS; SYNTHETIC CONSTRUCT	mus musculus	mus musculus	homo sapiens	Brooks, C.L., Movahedin, M.	2.2	X-RAY DIFFRACTION	0.221	0.194	False	True	IGHV5	IGKV1	Kappa	4.3e-08	-10.04974711892974	Unknown	NA	TBD
5t78	B	A	0	F	peptide	NA	muc1 glycopeptide	IMMUNE SYSTEM	09/02/16	Crystal structure of therapeutic mAB AR20.5 in complex with MUC1 peptide	MUS MUSCULUS; SYNTHETIC CONSTRUCT	mus musculus	mus musculus	homo sapiens	Brooks, C.L., Movahedin, M.	2.2	X-RAY DIFFRACTION	0.221	0.194	False	True	IGHV5	IGKV1	Kappa	4.3e-08	-10.04974711892974	Unknown	NA	TBD
6cdp	A	B	0	C	peptide	NA	hiv-1 fusion peptide 512-519	IMMUNE SYSTEM	02/08/18	Vaccine-elicited HIV-1 neutralizing antibody vFP20.01 in complex with HIV-1 fusion peptide residue 512-519	MUS MUSCULUS; SYNTHETIC CONSTRUCT	mus musculus	mus musculus	human immunodeficiency virus 1	Xu, K., Liu, K., Kwong, P.D.	2.456	X-RAY DIFFRACTION	0.264	0.212	False	True	IGHV1	IGKV1	Kappa	1.64e-09	-11.985097354847062	Unknown	NA	TBD
2r0z	H	L	0	Q	peptide	NA	gripi peptide fragment	IMMUNE SYSTEM	08/21/07	PFA1 FAB complexed with GripI peptide fragment	MUS MUSCULUS; SYNTHETIC CONSTRUCT	mus musculus	mus musculus	NA	Gardberg, A.S., Dealwis, C.	2.096	X-RAY DIFFRACTION	0.261	0.201	False	False	IGHV8	IGKV1	Kappa	3.40e-06	-7.33	SPR	20	17895381
3h3p	I	M	0	T	peptide	NA	4e10_s0_1tjlc_004_n	IMMUNE SYSTEM	04/16/09	Crystal structure of HIV epitope-scaffold 4E10 Fv complex	HOMO SAPIENS; ARTIFICIAL GENE	homo sapiens	homo sapiens	artificial gene	Holmes, M.A.	2.7	X-RAY DIFFRACTION	0.287	0.229	False	True	IGHV1	IGKV3	Kappa	1.4e-08	-10.71	SPR	25	19906921
3h3p	H	L	0	S	peptide	NA	4e10_s0_1tjlc_004_n	IMMUNE SYSTEM	04/16/09	Crystal structure of HIV epitope-scaffold 4E10 Fv complex	HOMO SAPIENS; ARTIFICIAL GENE	homo sapiens	homo sapiens	artificial gene	Holmes, M.A.	2.7	X-RAY DIFFRACTION	0.287	0.229	False	True	IGHV1	IGKV3	Kappa	1.40e-08	-10.71	SPR	25	19906921
1i8i	B	A	0	C	peptide	NA	epidermal growth factor receptor, egfrviiipeptide antigen 	IMMUNE SYSTEM	03/14/01	CRYSTAL STRUCTURE OF DSFV MR1 IN COMPLEX WITH THE PEPTIDE ANTIGEN OF THE MUTANT EPIDERMAL GROWTH FACTOR RECEPTOR, EGFRVIII, AT ROOM TEMPERATURE	MUS MUSCULUS; SYNTHETIC CONSTRUCT	mus musculus	mus musculus	NA	Landry, R.C., Klimowicz, A.C., Lavictoire, S.J., Borisova, S., Kottachchi, D.T., Lorimer, I.A., Evans, S.V.	2.4	X-RAY DIFFRACTION	0.262	0.156	False	True	IGHV5	IGKV17	Kappa	2.2000000000000002e-08	-10.446804596890326	Unknown	NA	TBD
3ifo	H	L	0	P	peptide	NA	amyloid beta a4 protein	IMMUNE SYSTEM	07/24/09	X-ray structure of amyloid beta peptide:antibody (Abeta1-7:10D5) complex	MUS MUSCULUS; SYNTHETIC CONSTRUCT	mus musculus	mus musculus	homo sapiens	Weis, W.I., Feinberg, H., Basi, G.S., Schenk, D.	2.15	X-RAY DIFFRACTION	0.218	0.162	False	True	IGHV8	IGKV1	Kappa	5.45e-08	-9.9	SPR	25	19923222
3ifo	A	B	0	Q	peptide	NA	amyloid beta a4 protein	IMMUNE SYSTEM	07/24/09	X-ray structure of amyloid beta peptide:antibody (Abeta1-7:10D5) complex	MUS MUSCULUS; SYNTHETIC CONSTRUCT	mus musculus	mus musculus	homo sapiens	Weis, W.I., Feinberg, H., Basi, G.S., Schenk, D.	2.15	X-RAY DIFFRACTION	0.218	0.162	False	True	IGHV8	IGKV1	Kappa	5.4500000000000005e-08	-9.9	SPR	25	19923222
3ifl	H	L	0	P	peptide	NA	amyloid beta a4 protein	IMMUNE SYSTEM	07/24/09	X-ray structure of amyloid beta peptide:antibody (Abeta1-7:12A11) complex	MUS MUSCULUS; SYNTHETIC CONSTRUCT	mus musculus	mus musculus	homo sapiens	Weis, W.I., Feinberg, H., Basi, G.S., Schenk, D.	1.5	X-RAY DIFFRACTION	0.20600000000000002	0.17800000000000002	False	True	IGHV8	IGKV1	Kappa	8.40e-09	-11.01	SPR	25	19923222
3ifp	E	F	0	S	peptide	NA	amyloid beta a4 protein	IMMUNE SYSTEM	07/24/09	X-ray structure of amyloid beta peptide:antibody (Abeta1-7:12B4) complex	MUS MUSCULUS; SYNTHETIC CONSTRUCT	mus musculus	mus musculus	homo sapiens	Weis, W.I., Feinberg, H., Basi, G.S., Schenk, D.	2.95	X-RAY DIFFRACTION	0.269	0.235	False	True	IGHV8	IGKV1	Kappa	2.45e-08	-10.38	SPR	25	19923222
3ifp	C	D	0	R	peptide	NA	amyloid beta a4 protein	IMMUNE SYSTEM	07/24/09	X-ray structure of amyloid beta peptide:antibody (Abeta1-7:12B4) complex	MUS MUSCULUS; SYNTHETIC CONSTRUCT	mus musculus	mus musculus	homo sapiens	Weis, W.I., Feinberg, H., Basi, G.S., Schenk, D.	2.95	X-RAY DIFFRACTION	0.269	0.235	False	True	IGHV8	IGKV1	Kappa	2.45e-08	-10.38	SPR	25	19923222
3ifp	H	L	0	P	peptide	NA	amyloid beta a4 protein	IMMUNE SYSTEM	07/24/09	X-ray structure of amyloid beta peptide:antibody (Abeta1-7:12B4) complex	MUS MUSCULUS; SYNTHETIC CONSTRUCT	mus musculus	mus musculus	homo sapiens	Weis, W.I., Feinberg, H., Basi, G.S., Schenk, D.	2.95	X-RAY DIFFRACTION	0.269	0.235	False	True	IGHV8	IGKV1	Kappa	2.45e-08	-10.38	SPR	25	19923222
3ifp	A	B	0	Q	peptide	NA	amyloid beta a4 protein	IMMUNE SYSTEM	07/24/09	X-ray structure of amyloid beta peptide:antibody (Abeta1-7:12B4) complex	MUS MUSCULUS; SYNTHETIC CONSTRUCT	mus musculus	mus musculus	homo sapiens	Weis, W.I., Feinberg, H., Basi, G.S., Schenk, D.	2.95	X-RAY DIFFRACTION	0.269	0.235	False	True	IGHV8	IGKV1	Kappa	2.45e-08	-10.38	SPR	25	19923222
1uwx	H	L	0	P	peptide	NA	class 1 outer membrane protein variable region 2	IMMUNE SYSTEM	02/12/04	P1.2 serosubtype antigen derived from N. meningitidis PorA in complex with Fab fragment	STREPTOCOCCUS SP.; MUS MUSCULUS; SYNTHETIC CONSTRUCT	mus musculus	mus musculus	neisseria meningitidis	Tzitzilonis, C., Prince, S.M., Collins, R.F., Maiden, M.C.J., Feavers, I.M., Derrick, J.P.	2.2	X-RAY DIFFRACTION	0.265	0.223	False	False	IGHV9	IGKV12	Kappa	1.6e-06	-7.9	SPR	NA	16470851
1uwx	M	K	0	Q	peptide	NA	class 1 outer membrane protein variable region 2	IMMUNE SYSTEM	02/12/04	P1.2 serosubtype antigen derived from N. meningitidis PorA in complex with Fab fragment	STREPTOCOCCUS SP.; MUS MUSCULUS; SYNTHETIC CONSTRUCT	mus musculus	mus musculus	neisseria meningitidis	Tzitzilonis, C., Prince, S.M., Collins, R.F., Maiden, M.C.J., Feavers, I.M., Derrick, J.P.	2.2	X-RAY DIFFRACTION	0.265	0.223	False	False	IGHV9	IGKV12	Kappa	1.60e-06	-7.9	SPR	NA	16470851
5zia	G	L	0	R	peptide	NA	phosphorylated tau peptide	IMMUNE SYSTEM	03/14/18	Crystal structure of human anti-tau antibody CBTAU-24.1 in complex with its phosphorylated tau peptide	HOMO SAPIENS; SYNTHETIC CONSTRUCT	homo sapiens	homo sapiens	homo sapiens	Zhang, H., Wilson, I.A.	2.603	X-RAY DIFFRACTION	0.249	0.2	False	True	IGHV1	IGKV4	Kappa	3e-07	-8.898798774188476	Unknown	NA	TBD
5zia	O	P	0	Q	peptide	NA	phosphorylated tau peptide	IMMUNE SYSTEM	03/14/18	Crystal structure of human anti-tau antibody CBTAU-24.1 in complex with its phosphorylated tau peptide	HOMO SAPIENS; SYNTHETIC CONSTRUCT	homo sapiens	homo sapiens	homo sapiens	Zhang, H., Wilson, I.A.	2.603	X-RAY DIFFRACTION	0.249	0.2	False	True	IGHV1	IGKV4	Kappa	3e-07	-8.898798774188476	Unknown	NA	TBD
5zia	A	B	0	C	peptide	NA	phosphorylated tau peptide	IMMUNE SYSTEM	03/14/18	Crystal structure of human anti-tau antibody CBTAU-24.1 in complex with its phosphorylated tau peptide	HOMO SAPIENS; SYNTHETIC CONSTRUCT	homo sapiens	homo sapiens	homo sapiens	Zhang, H., Wilson, I.A.	2.603	X-RAY DIFFRACTION	0.249	0.2	False	True	IGHV1	IGKV4	Kappa	3e-07	-8.898798774188476	Unknown	NA	TBD
5zia	D	E	0	F	peptide	NA	phosphorylated tau peptide	IMMUNE SYSTEM	03/14/18	Crystal structure of human anti-tau antibody CBTAU-24.1 in complex with its phosphorylated tau peptide	HOMO SAPIENS; SYNTHETIC CONSTRUCT	homo sapiens	homo sapiens	homo sapiens	Zhang, H., Wilson, I.A.	2.603	X-RAY DIFFRACTION	0.249	0.2	False	True	IGHV1	IGKV4	Kappa	3e-07	-8.898798774188476	Unknown	NA	TBD
5zia	H	I	0	J	peptide	NA	phosphorylated tau peptide	IMMUNE SYSTEM	03/14/18	Crystal structure of human anti-tau antibody CBTAU-24.1 in complex with its phosphorylated tau peptide	HOMO SAPIENS; SYNTHETIC CONSTRUCT	homo sapiens	homo sapiens	homo sapiens	Zhang, H., Wilson, I.A.	2.603	X-RAY DIFFRACTION	0.249	0.2	False	True	IGHV1	IGKV4	Kappa	3e-07	-8.898798774188476	Unknown	NA	TBD
5zia	K	M	0	N	peptide	NA	phosphorylated tau peptide	IMMUNE SYSTEM	03/14/18	Crystal structure of human anti-tau antibody CBTAU-24.1 in complex with its phosphorylated tau peptide	HOMO SAPIENS; SYNTHETIC CONSTRUCT	homo sapiens	homo sapiens	homo sapiens	Zhang, H., Wilson, I.A.	2.603	X-RAY DIFFRACTION	0.249	0.2	False	True	IGHV1	IGKV4	Kappa	3e-07	-8.898798774188476	Unknown	NA	TBD
4yhp	H	L	0	P	peptide	NA	h3k9me3 peptide	IMMUNE SYSTEM	02/27/15	Crystal structure of 309M3-B Fab in complex with H3K9me3 peptide	HOMO SAPIENS; SYNTHETIC CONSTRUCT	homo sapiens	homo sapiens	synthetic construct	Hattori, T., Dementieva, I.S., Montano, S.P., Koide, S.	2.53	X-RAY DIFFRACTION	0.25	0.211	False	True	IGHV3	IGLV3	Lambda	2e-09	-11.867518412372508	Unknown	NA	TBD
4yhp	E	F	0	NA	NA	NA	NA	IMMUNE SYSTEM	02/27/15	Crystal structure of 309M3-B Fab in complex with H3K9me3 peptide	HOMO SAPIENS; SYNTHETIC CONSTRUCT	homo sapiens	homo sapiens	NA	Hattori, T., Dementieva, I.S., Montano, S.P., Koide, S.	2.53	X-RAY DIFFRACTION	0.25	0.211	False	True	IGHV3	IGLV3	Lambda	2e-09	-11.867518412372508	Unknown	NA	TBD
4yhp	C	D	0	Q	peptide	NA	h3k9me3 peptide	IMMUNE SYSTEM	02/27/15	Crystal structure of 309M3-B Fab in complex with H3K9me3 peptide	HOMO SAPIENS; SYNTHETIC CONSTRUCT	homo sapiens	homo sapiens	synthetic construct	Hattori, T., Dementieva, I.S., Montano, S.P., Koide, S.	2.53	X-RAY DIFFRACTION	0.25	0.211	False	True	IGHV3	IGLV3	Lambda	2e-09	-11.867518412372508	Unknown	NA	TBD
4yhp	A	B	0	NA	NA	NA	NA	IMMUNE SYSTEM	02/27/15	Crystal structure of 309M3-B Fab in complex with H3K9me3 peptide	HOMO SAPIENS; SYNTHETIC CONSTRUCT	homo sapiens	homo sapiens	NA	Hattori, T., Dementieva, I.S., Montano, S.P., Koide, S.	2.53	X-RAY DIFFRACTION	0.25	0.211	False	True	IGHV3	IGLV3	Lambda	2e-09	-11.867518412372508	Unknown	NA	TBD
4yhz	H	L	0	P	peptide	NA	h3k4me3 peptide	IMMUNE SYSTEM	02/27/15	Crystal structure of 304M3-B Fab in complex with H3K4me3 peptide	HOMO SAPIENS; SYNTHETIC CONSTRUCT	homo sapiens	homo sapiens	synthetic construct	Hattori, T., Dementieva, I.S., Montano, S.P., Koide, S.	2.3040000000000003	X-RAY DIFFRACTION	0.213	0.183	False	True	IGHV3	IGLV3	Lambda	1.1000000000000001e-08	-10.857482989210107	Unknown	NA	TBD
6f7t	B	A	0	D	peptide	NA	ribonuclease y	IMMUNE SYSTEM	12/11/17	Crystal Structure of an Fab fragment in complex with a peptide from Bacillus subtilis RNase Y	MUS MUSCULUS; SYNTHETIC CONSTRUCT	mus musculus	mus musculus	bacillus subtilis	Golinelli-Pimpaneau, B., Hardouin, P.	2.6	X-RAY DIFFRACTION	0.253	0.202	False	False	IGHV9	IGLV3	Lambda	3.6e-10	-12.883508495506627	Unknown	NA	TBD
6f7t	H	L	0	C	peptide	NA	ribonuclease y	IMMUNE SYSTEM	12/11/17	Crystal Structure of an Fab fragment in complex with a peptide from Bacillus subtilis RNase Y	MUS MUSCULUS; SYNTHETIC CONSTRUCT	mus musculus	mus musculus	bacillus subtilis	Golinelli-Pimpaneau, B., Hardouin, P.	2.6	X-RAY DIFFRACTION	0.253	0.202	False	False	IGHV9	IGLV3	Lambda	3.6e-10	-12.883508495506627	Unknown	NA	TBD
4hs6	B	A	0	Z	peptide	NA	e2-peptide	IMMUNE SYSTEM	10/29/12	Hepatitus C envelope glycoprotein E2 fragment 412-423 with humanized and affinity-matured antibody MRCT10.v362	HOMO SAPIENS; SYNTHETIC CONSTRUCT	homo sapiens	homo sapiens	hepatitis c virus	Eigenbrot, C., Ultsch, M.	1.53	X-RAY DIFFRACTION	0.2	0.175	False	True	IGHV4	IGKV1	Kappa	3.0000000000000004e-08	-10.26304286359873	Unknown	NA	TBD
4hs6	H	L	0	Y	peptide	NA	e2-peptide	IMMUNE SYSTEM	10/29/12	Hepatitus C envelope glycoprotein E2 fragment 412-423 with humanized and affinity-matured antibody MRCT10.v362	HOMO SAPIENS; SYNTHETIC CONSTRUCT	homo sapiens	homo sapiens	hepatitis c virus	Eigenbrot, C., Ultsch, M.	1.53	X-RAY DIFFRACTION	0.2	0.175	False	True	IGHV4	IGKV1	Kappa	3.0000000000000004e-08	-10.26304286359873	Unknown	NA	TBD
1sm3	H	L	0	P	peptide	NA	peptide epitope	COMPLEX (ANTIBODY/PEPTIDE EPITOPE)	12/23/97	CRYSTAL STRUCTURE OF THE TUMOR SPECIFIC ANTIBODY SM3 COMPLEX WITH ITS PEPTIDE EPITOPE	MUS MUSCULUS	mus musculus	mus musculus	NA	Dokurno, P., Bates, P.A., Band, H.A., Stewart, L.M.D., Lally, J.M., Burchell, J.M., Taylor-Papadimitriou, J., Sternberg, M.J.E., Snary, D., Freemont, P.S.	1.95	X-RAY DIFFRACTION	0.28300000000000003	0.213	False	False	IGHV6	IGLV1	Lambda	2.4e-05	-6.30251950781888	Unknown	NA	TBD
2xzq	H	L	0	P	peptide	NA	phage display derived antigen	IMMUNE SYSTEM	12/01/10	CRYSTAL STRUCTURE ANALYSIS OF THE ANTI-(4-HYDROXY-3-NITROPHENYL)- ACETYL MURINE GERMLINE MONOCLONAL ANTIBODY BBE6.12H3 FAB FRAGMENT IN  COMPLEX WITH A PHAGE DISPLAY DERIVED DODECAPEPTIDE YQLRPNAETLRF	MUS MUSCULUS; SYNTHETIC CONSTRUCT	mus musculus	mus musculus	synthetic construct	Khan, T., Salunke, D.M.	2.4	X-RAY DIFFRACTION	0.2506	0.2407	False	False	IGHV1	IGLV1	Lambda	2.6e-07	-8.983583688639808	Unknown	NA	TBD
5kn5	D	E	0	F	peptide	NA	protransforming growth factor alpha	IMMUNE SYSTEM	06/27/16	TGFalpha/Epiregulin complex with neutralizing antibody LY3016859	HOMO SAPIENS; SYNTHETIC CONSTRUCT	homo sapiens	homo sapiens	homo sapiens	Atwell, S., Boyles, J.S., Clawson, D.K., Druzina, Z., Josef, G.H., Weichert, K., Witcher, D.R.	2.8	X-RAY DIFFRACTION	0.263	0.206	False	True	IGHV1	IGKV4	Kappa	1.02e-10	-13.630708160608433	Unknown	NA	TBD
5kn5	A	B	0	C	peptide	NA	protransforming growth factor alpha	IMMUNE SYSTEM	06/27/16	TGFalpha/Epiregulin complex with neutralizing antibody LY3016859	HOMO SAPIENS; SYNTHETIC CONSTRUCT	homo sapiens	homo sapiens	homo sapiens	Atwell, S., Boyles, J.S., Clawson, D.K., Druzina, Z., Josef, G.H., Weichert, K., Witcher, D.R.	2.8	X-RAY DIFFRACTION	0.263	0.206	False	True	IGHV1	IGKV4	Kappa	1.02e-10	-13.630708160608433	Unknown	NA	TBD
3ghe	H	L	0	P	peptide	NA	envelope glycoprotein	IMMUNE SYSTEM	03/03/09	Crystal structure of anti-HIV-1 Fab 537-10D in complex with V3 peptide MN	HOMO SAPIENS; SYNTHETIC CONSTRUCT	homo sapiens	homo sapiens	NA	Kong, X.P., Burke, V.J.	2.4	X-RAY DIFFRACTION	0.24100000000000002	0.187	False	False	IGHV3	IGLV2	Lambda	1.30e-06	-8.03	Other	25	19913488
5myx	B	A	0	E	peptide	NA	pyroglutamate-abeta pe3-18	IMMUNE SYSTEM	01/30/17	Structure of Pyroglutamate-Abeta-specific Fab c#24 in complex with human Abeta-pE3-18	MUS MUSCULUS; SYNTHETIC CONSTRUCT	mus musculus	mus musculus	homo sapiens	Parthier, C., Piechotta, A., Stubbs, M.T.	1.492	X-RAY DIFFRACTION	0.213	0.181	False	True	IGHV1	IGKV1	Kappa	6.85e-09	-11.13811088195787	Unknown	NA	TBD
5myx	D	C	0	F	peptide	NA	pyroglutamate-abeta pe3-18	IMMUNE SYSTEM	01/30/17	Structure of Pyroglutamate-Abeta-specific Fab c#24 in complex with human Abeta-pE3-18	MUS MUSCULUS; SYNTHETIC CONSTRUCT	mus musculus	mus musculus	homo sapiens	Parthier, C., Piechotta, A., Stubbs, M.T.	1.492	X-RAY DIFFRACTION	0.213	0.181	False	True	IGHV1	IGKV1	Kappa	6.85e-09	-11.13811088195787	Unknown	NA	TBD
4xh2	G	I	0	g	peptide	NA	unknown	CELL ADHESION	01/04/15	Crystal structure of human paxillin LD4 motif in complex with Fab fragment	HOMO SAPIENS; SYNTHETIC CONSTRUCT	homo sapiens	homo sapiens	synthetic construct	Nocula-Lugowska, M., Lugowski, M., Salgia, R., Kossiakoff, A.A.	2.0	X-RAY DIFFRACTION	0.258	0.224	False	True	IGHV3	IGKV1	Kappa	6.000000000000001e-09	-11.216608560689204	Unknown	NA	TBD
4xh2	A	B	0	a	peptide	NA	unknown	CELL ADHESION	01/04/15	Crystal structure of human paxillin LD4 motif in complex with Fab fragment	HOMO SAPIENS; SYNTHETIC CONSTRUCT	homo sapiens	homo sapiens	synthetic construct	Nocula-Lugowska, M., Lugowski, M., Salgia, R., Kossiakoff, A.A.	2.0	X-RAY DIFFRACTION	0.258	0.224	False	True	IGHV3	IGKV1	Kappa	6.000000000000001e-09	-11.216608560689204	Unknown	NA	TBD
4xh2	E	F	0	e	peptide	NA	unknown	CELL ADHESION	01/04/15	Crystal structure of human paxillin LD4 motif in complex with Fab fragment	HOMO SAPIENS; SYNTHETIC CONSTRUCT	homo sapiens	homo sapiens	synthetic construct	Nocula-Lugowska, M., Lugowski, M., Salgia, R., Kossiakoff, A.A.	2.0	X-RAY DIFFRACTION	0.258	0.224	False	True	IGHV3	IGKV1	Kappa	6.000000000000001e-09	-11.216608560689204	Unknown	NA	TBD
4xh2	J	K	0	j	peptide	NA	unknown	CELL ADHESION	01/04/15	Crystal structure of human paxillin LD4 motif in complex with Fab fragment	HOMO SAPIENS; SYNTHETIC CONSTRUCT	homo sapiens	homo sapiens	synthetic construct	Nocula-Lugowska, M., Lugowski, M., Salgia, R., Kossiakoff, A.A.	2.0	X-RAY DIFFRACTION	0.258	0.224	False	True	IGHV3	IGKV1	Kappa	6.000000000000001e-09	-11.216608560689204	Unknown	NA	TBD
4xh2	H	L	0	h	peptide	NA	unknown	CELL ADHESION	01/04/15	Crystal structure of human paxillin LD4 motif in complex with Fab fragment	HOMO SAPIENS; SYNTHETIC CONSTRUCT	homo sapiens	homo sapiens	synthetic construct	Nocula-Lugowska, M., Lugowski, M., Salgia, R., Kossiakoff, A.A.	2.0	X-RAY DIFFRACTION	0.258	0.224	False	True	IGHV3	IGKV1	Kappa	6.000000000000001e-09	-11.216608560689204	Unknown	NA	TBD
4xh2	C	D	0	c	peptide	NA	unknown	CELL ADHESION	01/04/15	Crystal structure of human paxillin LD4 motif in complex with Fab fragment	HOMO SAPIENS; SYNTHETIC CONSTRUCT	homo sapiens	homo sapiens	synthetic construct	Nocula-Lugowska, M., Lugowski, M., Salgia, R., Kossiakoff, A.A.	2.0	X-RAY DIFFRACTION	0.258	0.224	False	True	IGHV3	IGKV1	Kappa	6.000000000000001e-09	-11.216608560689204	Unknown	NA	TBD
1nl0	H	L	0	G	peptide	NA	factor ix	IMMUNE SYSTEM	01/06/03	Crystal structure of human factor IX Gla domain in complex of an inhibitory antibody, 10C12	HOMO SAPIENS; SYNTHETIC CONSTRUCT	homo sapiens	homo sapiens	NA	Huang, M., Furie, B.C., Furie, B.	2.2	X-RAY DIFFRACTION	0.27	0.233	False	True	IGHV3	IGLV1	Lambda	1.6000000000000003e-09	-11.99972732482342	Unknown	NA	TBD
3u0t	D	C	0	E	peptide	NA	amyloid beta a4 protein	IMMUNE SYSTEM	09/29/11	Fab-antibody complex	HOMO SAPIENS; SYNTHETIC CONSTRUCT	homo sapiens	homo sapiens	homo sapiens	LaPorte, S.L., Pons, J.P.	2.5	X-RAY DIFFRACTION	0.268	0.219	False	True	IGHV1	IGKV2D	Kappa	3e-10	-12.991531042419238	Unknown	NA	TBD
3u0t	B	A	0	F	peptide	NA	amyloid beta a4 protein	IMMUNE SYSTEM	09/29/11	Fab-antibody complex	HOMO SAPIENS; SYNTHETIC CONSTRUCT	homo sapiens	homo sapiens	homo sapiens	LaPorte, S.L., Pons, J.P.	2.5	X-RAY DIFFRACTION	0.268	0.219	False	True	IGHV1	IGKV2D	Kappa	3e-10	-12.991531042419238	Unknown	NA	TBD
4why	M	N	0	B	peptide	NA	epitope peptide	VIRAL PROTEIN	09/24/14	Structure of the Hepatitis C virus envelope glycoprotein E2 antigenic region 412-423 bound to the broadly neutralizing antibody 3/11, P21 crystal form	RATTUS NORVEGICUS; SYNTHETIC CONSTRUCT	rattus norvegicus	rattus norvegicus	hepatitis c virus	Krey, T., Rey, F.A.	2.62	X-RAY DIFFRACTION	0.258	0.204	False	True	IGHV5	IGKV2	Kappa	7.900000000000001e-09	-11.053614350904786	Unknown	NA	TBD
4why	I	J	0	A	peptide	NA	epitope peptide	VIRAL PROTEIN	09/24/14	Structure of the Hepatitis C virus envelope glycoprotein E2 antigenic region 412-423 bound to the broadly neutralizing antibody 3/11, P21 crystal form	RATTUS NORVEGICUS; SYNTHETIC CONSTRUCT	rattus norvegicus	rattus norvegicus	hepatitis c virus	Krey, T., Rey, F.A.	2.62	X-RAY DIFFRACTION	0.258	0.204	False	True	IGHV5	IGKV2	Kappa	7.900000000000001e-09	-11.053614350904786	Unknown	NA	TBD
4why	K	L	0	C	peptide	NA	epitope peptide	VIRAL PROTEIN	09/24/14	Structure of the Hepatitis C virus envelope glycoprotein E2 antigenic region 412-423 bound to the broadly neutralizing antibody 3/11, P21 crystal form	RATTUS NORVEGICUS; SYNTHETIC CONSTRUCT	rattus norvegicus	rattus norvegicus	hepatitis c virus	Krey, T., Rey, F.A.	2.62	X-RAY DIFFRACTION	0.258	0.204	False	True	IGHV5	IGKV2	Kappa	7.900000000000001e-09	-11.053614350904786	Unknown	NA	TBD
4why	G	H	0	D	peptide	NA	epitope peptide	VIRAL PROTEIN	09/24/14	Structure of the Hepatitis C virus envelope glycoprotein E2 antigenic region 412-423 bound to the broadly neutralizing antibody 3/11, P21 crystal form	RATTUS NORVEGICUS; SYNTHETIC CONSTRUCT	rattus norvegicus	rattus norvegicus	hepatitis c virus	Krey, T., Rey, F.A.	2.62	X-RAY DIFFRACTION	0.258	0.204	False	True	IGHV5	IGKV2	Kappa	7.900000000000001e-09	-11.053614350904786	Unknown	NA	TBD
4wht	A	B	0	a	peptide	NA	unknown	VIRAL PROTEIN	09/23/14	Structure of the Hepatitis C virus envelope glycoprotein E2 antigenic region 412-423 bound to the broadly neutralizing antibody 3/11, P1 crystal form	HEPATITIS C VIRUS; RATTUS NORVEGICUS	rattus norvegicus	rattus norvegicus	hepatitis c virus	Krey, T., Rey, F.A.	2.22	X-RAY DIFFRACTION	0.243	0.209	False	True	IGHV5	IGKV2	Kappa	7.900000000000001e-09	-11.053614350904786	Unknown	NA	TBD
4wht	G	H	0	g	peptide	NA	unknown	VIRAL PROTEIN	09/23/14	Structure of the Hepatitis C virus envelope glycoprotein E2 antigenic region 412-423 bound to the broadly neutralizing antibody 3/11, P1 crystal form	HEPATITIS C VIRUS; RATTUS NORVEGICUS	rattus norvegicus	rattus norvegicus	hepatitis c virus	Krey, T., Rey, F.A.	2.22	X-RAY DIFFRACTION	0.243	0.209	False	True	IGHV5	IGKV2	Kappa	7.900000000000001e-09	-11.053614350904786	Unknown	NA	TBD
4wht	X	Y	0	x	peptide	NA	unknown	VIRAL PROTEIN	09/23/14	Structure of the Hepatitis C virus envelope glycoprotein E2 antigenic region 412-423 bound to the broadly neutralizing antibody 3/11, P1 crystal form	HEPATITIS C VIRUS; RATTUS NORVEGICUS	rattus norvegicus	rattus norvegicus	hepatitis c virus	Krey, T., Rey, F.A.	2.22	X-RAY DIFFRACTION	0.243	0.209	False	True	IGHV5	IGKV2	Kappa	7.900000000000001e-09	-11.053614350904786	Unknown	NA	TBD
4wht	C	D	0	c	peptide	NA	unknown	VIRAL PROTEIN	09/23/14	Structure of the Hepatitis C virus envelope glycoprotein E2 antigenic region 412-423 bound to the broadly neutralizing antibody 3/11, P1 crystal form	HEPATITIS C VIRUS; RATTUS NORVEGICUS	rattus norvegicus	rattus norvegicus	hepatitis c virus	Krey, T., Rey, F.A.	2.22	X-RAY DIFFRACTION	0.243	0.209	False	True	IGHV5	IGKV2	Kappa	7.900000000000001e-09	-11.053614350904786	Unknown	NA	TBD
4wht	O	P	0	o	peptide	NA	unknown	VIRAL PROTEIN	09/23/14	Structure of the Hepatitis C virus envelope glycoprotein E2 antigenic region 412-423 bound to the broadly neutralizing antibody 3/11, P1 crystal form	HEPATITIS C VIRUS; RATTUS NORVEGICUS	rattus norvegicus	rattus norvegicus	hepatitis c virus	Krey, T., Rey, F.A.	2.22	X-RAY DIFFRACTION	0.243	0.209	False	True	IGHV5	IGKV2	Kappa	7.900000000000001e-09	-11.053614350904786	Unknown	NA	TBD
4wht	U	V	0	u	peptide	NA	unknown	VIRAL PROTEIN	09/23/14	Structure of the Hepatitis C virus envelope glycoprotein E2 antigenic region 412-423 bound to the broadly neutralizing antibody 3/11, P1 crystal form	HEPATITIS C VIRUS; RATTUS NORVEGICUS	rattus norvegicus	rattus norvegicus	hepatitis c virus	Krey, T., Rey, F.A.	2.22	X-RAY DIFFRACTION	0.243	0.209	False	True	IGHV5	IGKV2	Kappa	7.900000000000001e-09	-11.053614350904786	Unknown	NA	TBD
4wht	I	J	0	i	peptide	NA	unknown	VIRAL PROTEIN	09/23/14	Structure of the Hepatitis C virus envelope glycoprotein E2 antigenic region 412-423 bound to the broadly neutralizing antibody 3/11, P1 crystal form	HEPATITIS C VIRUS; RATTUS NORVEGICUS	rattus norvegicus	rattus norvegicus	hepatitis c virus	Krey, T., Rey, F.A.	2.22	X-RAY DIFFRACTION	0.243	0.209	False	True	IGHV5	IGKV2	Kappa	7.900000000000001e-09	-11.053614350904786	Unknown	NA	TBD
4wht	S	T	0	s	peptide	NA	unknown	VIRAL PROTEIN	09/23/14	Structure of the Hepatitis C virus envelope glycoprotein E2 antigenic region 412-423 bound to the broadly neutralizing antibody 3/11, P1 crystal form	HEPATITIS C VIRUS; RATTUS NORVEGICUS	rattus norvegicus	rattus norvegicus	hepatitis c virus	Krey, T., Rey, F.A.	2.22	X-RAY DIFFRACTION	0.243	0.209	False	True	IGHV5	IGKV2	Kappa	7.900000000000001e-09	-11.053614350904786	Unknown	NA	TBD
4wht	M	N	0	m	peptide	NA	unknown	VIRAL PROTEIN	09/23/14	Structure of the Hepatitis C virus envelope glycoprotein E2 antigenic region 412-423 bound to the broadly neutralizing antibody 3/11, P1 crystal form	HEPATITIS C VIRUS; RATTUS NORVEGICUS	rattus norvegicus	rattus norvegicus	hepatitis c virus	Krey, T., Rey, F.A.	2.22	X-RAY DIFFRACTION	0.243	0.209	False	True	IGHV5	IGKV2	Kappa	7.900000000000001e-09	-11.053614350904786	Unknown	NA	TBD
4wht	E	F	0	e	peptide	NA	unknown	VIRAL PROTEIN	09/23/14	Structure of the Hepatitis C virus envelope glycoprotein E2 antigenic region 412-423 bound to the broadly neutralizing antibody 3/11, P1 crystal form	HEPATITIS C VIRUS; RATTUS NORVEGICUS	rattus norvegicus	rattus norvegicus	hepatitis c virus	Krey, T., Rey, F.A.	2.22	X-RAY DIFFRACTION	0.243	0.209	False	True	IGHV5	IGKV2	Kappa	7.900000000000001e-09	-11.053614350904786	Unknown	NA	TBD
4wht	K	L	0	k	peptide	NA	unknown	VIRAL PROTEIN	09/23/14	Structure of the Hepatitis C virus envelope glycoprotein E2 antigenic region 412-423 bound to the broadly neutralizing antibody 3/11, P1 crystal form	HEPATITIS C VIRUS; RATTUS NORVEGICUS	rattus norvegicus	rattus norvegicus	hepatitis c virus	Krey, T., Rey, F.A.	2.22	X-RAY DIFFRACTION	0.243	0.209	False	True	IGHV5	IGKV2	Kappa	7.900000000000001e-09	-11.053614350904786	Unknown	NA	TBD
4wht	Q	R	0	q	peptide	NA	unknown	VIRAL PROTEIN	09/23/14	Structure of the Hepatitis C virus envelope glycoprotein E2 antigenic region 412-423 bound to the broadly neutralizing antibody 3/11, P1 crystal form	HEPATITIS C VIRUS; RATTUS NORVEGICUS	rattus norvegicus	rattus norvegicus	hepatitis c virus	Krey, T., Rey, F.A.	2.22	X-RAY DIFFRACTION	0.243	0.209	False	True	IGHV5	IGKV2	Kappa	7.900000000000001e-09	-11.053614350904786	Unknown	NA	TBD
5vzy	H	L	0	A	peptide	NA	amyloid beta	IMMUNE SYSTEM	05/29/17	Crystal structure of crenezumab Fab in complex with Abeta	HOMO SAPIENS	homo sapiens	homo sapiens	homo sapiens	Ultsch, M., Wang, W.	2.32	X-RAY DIFFRACTION	0.249	0.20600000000000002	False	True	IGHV3	IGKV1	Kappa	3.2000000000000005e-09	-11.589048932503637	Unknown	NA	TBD
2y36	H	L	0	P	peptide	NA	dodecapeptide (dlwttaiptips)	IMMUNE SYSTEM	12/18/10	Crystal structure analysis of the anti-(4-hydroxy-3-nitrophenyl)-  acetyl murine germline antibody BBE6.12H3 Fab fragment in complex  with a phage display derived dodecapeptide DLWTTAIPTIPS	MUS MUSCULUS; SYNTHETIC CONSTRUCT	mus musculus	mus musculus	synthetic construct	Khan, T., Salunke, D.M.	2.7	X-RAY DIFFRACTION	0.2477	0.2305	False	False	IGHV1	IGLV1	Lambda	3.7999999999999996e-07	-8.758742281050278	Unknown	NA	TBD
3g5y	B	A	0	E	peptide	NA	egfr peptide	IMMUNE SYSTEM	02/05/09	Antibodies Specifically Targeting a Locally Misfolded Region of Tumor Associated EGFR	MUS MUSCULUS; SYNTHETIC CONSTRUCT	mus musculus	mus musculus	NA	Garrett, T.P.J., Burgess, A.W.	1.59	X-RAY DIFFRACTION	0.25	0.196	False	True	IGHV3	IGKV14	Kappa	1.54e-07	-9.29	SPR	25	19289842
3g5v	B	A	0	C	peptide	NA	epidermal growth factor receptor peptide	IMMUNE SYSTEM	02/05/09	Antibodies Specifically Targeting a Locally Misfolded Region of Tumor Associated EGFR	MUS MUSCULUS; SYNTHETIC CONSTRUCT	mus musculus	mus musculus	NA	Garrett, T.P.J., Burgess, A.W., Huyton, T., Xu, Y.	2.001	X-RAY DIFFRACTION	0.27899999999999997	0.226	False	True	IGHV3	IGKV14	Kappa	8.50e-08	-9.64	SPR	25	19289842
5myk	B	A	0	C	peptide	NA	amyloid beta a4 protein	IMMUNE SYSTEM	01/26/17	Structure of Pyroglutamate-Abeta-specific Fab c#17 in complex with murine Abeta-pE3-18PEGb	MUS MUSCULUS; SYNTHETIC CONSTRUCT	mus musculus	mus musculus	mus musculus	Parthier, C., Piechotta, A., Stubbs, M.T.	1.6	X-RAY DIFFRACTION	0.21	0.17300000000000001	False	True	IGHV5	IGKV1	Kappa	9.9e-10	-12.284151464664008	Unknown	NA	TBD
5myo	B	A	0	E	peptide	NA	amyloid beta a4 protein	IMMUNE SYSTEM	01/27/17	Structure of Pyroglutamate-Abeta-specific Fab c#6 in complex with human Abeta-pE3-12-PEGb	MUS MUSCULUS; SYNTHETIC CONSTRUCT	mus musculus	mus musculus	homo sapiens	Parthier, C., Piechotta, A., Stubbs, M.T.	1.59	X-RAY DIFFRACTION	0.215	0.17800000000000002	False	True	IGHV1	IGKV1	Kappa	2.93e-11	-14.369763591907674	Unknown	NA	TBD
5myo	D	C	0	NA	NA	NA	NA	IMMUNE SYSTEM	01/27/17	Structure of Pyroglutamate-Abeta-specific Fab c#6 in complex with human Abeta-pE3-12-PEGb	MUS MUSCULUS; SYNTHETIC CONSTRUCT	mus musculus	mus musculus	NA	Parthier, C., Piechotta, A., Stubbs, M.T.	1.59	X-RAY DIFFRACTION	0.215	0.17800000000000002	False	True	IGHV1	IGKV1	Kappa	2.93e-11	-14.369763591907674	Unknown	NA	TBD
4jfx	H	L	0	P	peptide	NA	phosphopeptide	immune system	02/28/13	protein complex3	ESCHERICHIA COLI; SYNTHETIC CONSTRUCT	NA	NA	NA	Koerber, J.T., Thomsen, N.D., Hannigan, B.T., Degrado, W.F., Wells, J.A.	1.95	X-RAY DIFFRACTION	0.202	0.163	False	True	IGHV3	IGKV3	Kappa	3.6000000000000005e-07	-8.790776227275865	TBD	Unknown	NA
4jfx	B	A	0	NA	NA	NA	NA	immune system	02/28/13	protein complex3	ESCHERICHIA COLI; SYNTHETIC CONSTRUCT	NA	NA	NA	Koerber, J.T., Thomsen, N.D., Hannigan, B.T., Degrado, W.F., Wells, J.A.	1.95	X-RAY DIFFRACTION	0.202	0.163	False	True	IGHV3	IGKV3	Kappa	3.6000000000000005e-07	-8.790776227275865	TBD	Unknown	NA
4jfz	H	L	0	P	peptide	NA	phosphopeptide	immune system	02/28/13	Structure of phosphoserine (pSAb) scaffold bound to pSer peptide	ESCHERICHIA COLI; SYNTHETIC CONSTRUCT	NA	NA	NA	Koerber, J.T., Thomsen, N.D., Hannigan, B.T., Degrado, W.F., Wells, J.A.	1.75	X-RAY DIFFRACTION	0.19899999999999998	0.154	False	True	IGHV3	IGKV3	Kappa	7.1e-08	-9.752628544480903	TBD	Unknown	NA
4hix	H	L	0	A	peptide	NA	beta-amyloid protein 40	PROTEIN FIBRIL/Immune System	10/12/12	Crystal structure of a humanised 3D6 Fab bound to amyloid beta peptide	HOMO SAPIENS, MUS MUSCULUS; SYNTHETIC CONSTRUCT	homo sapiens, mus musculus	homo sapiens, mus musculus	homo sapiens	Miles, L.A., Crespi, G.A.N., Parker, M.W.	2.204	X-RAY DIFFRACTION	0.22	0.17	False	True	IGHV3	IGKV2	Kappa	1.5100000000000002e-07	-9.305540383386383	Unknown	NA	TBD
4jg0	H	L	0	P	peptide	NA	phosphopeptide	immune system	02/28/13	Structure of phosphoserine/threonine (pSTAb) scaffold bound to pSer peptide	ESCHERICHIA COLI; SYNTHETIC CONSTRUCT	NA	NA	NA	Koerber, J.T., Thomsen, N.D., Hannigan, B.T., Degrado, W.F., Wells, J.A.	1.81	X-RAY DIFFRACTION	0.20199999999999999	0.161	False	True	IGHV3	IGKV3	Kappa	1.72e-07	-9.228390334290179	TBD	Unknown	NA
2hrp	H	L	0	P	peptide	NA	hiv-1 protease peptide	COMPLEX (IMMUNOGLOBULIN/PEPTIDE)	12/27/96	ANTIGEN-ANTIBODY COMPLEX	MUS MUSCULUS	mus musculus	mus musculus	NA	Lescar, J., Bentley, G.A.	2.2	X-RAY DIFFRACTION	0.289	0.198	False	False	IGHV5	IGKV3	Kappa	5e-09	-11.32	SPR	NA	9150407
2hrp	N	M	0	Q	peptide	NA	hiv-1 protease peptide	COMPLEX (IMMUNOGLOBULIN/PEPTIDE)	12/27/96	ANTIGEN-ANTIBODY COMPLEX	MUS MUSCULUS	mus musculus	mus musculus	NA	Lescar, J., Bentley, G.A.	2.2	X-RAY DIFFRACTION	0.289	0.198	False	False	IGHV5	IGKV3	Kappa	5.00e-09	-11.32	SPR	NA	9150407
1p4b	H	L	0	P	peptide	NA	gcn4(7p-14p) peptide	IMMUNE SYSTEM	04/22/03	Three-Dimensional Structure Of a Single Chain Fv Fragment Complexed With The peptide GCN4(7P-14P).	MUS MUSCULUS; SYNTHETIC CONSTRUCT	mus musculus	mus musculus	NA	Zahnd, C., Spinelli, S., Luginbuhl, B., Jermutus, L., Amstutz, P., Cambillau, C., Pluckthun, A.	2.35	X-RAY DIFFRACTION	0.3	0.21899999999999997	True	True	IGHV2	IGLV1	Lambda	4.00E-11	-13.94	SPR	20	14754898
5drz	H	L	0	P	peptide	NA	envelope glycoprotein gp160	IMMUNE SYSTEM	09/16/15	Crystal structure of anti-HIV-1 antibody F240 Fab in complex with gp41 peptide	HOMO SAPIENS; SYNTHETIC CONSTRUCT	homo sapiens	homo sapiens	hiv-1 m	Gohain, N., Tolbert, W.D., Pazgier, M.	2.54	X-RAY DIFFRACTION	0.259	0.204	False	True	IGHV3	IGKV4	Kappa	4.4000000000000005e-09	-11.400370293980798	Unknown	NA	TBD
5drz	B	A	0	Q	peptide	NA	envelope glycoprotein gp160	IMMUNE SYSTEM	09/16/15	Crystal structure of anti-HIV-1 antibody F240 Fab in complex with gp41 peptide	HOMO SAPIENS; SYNTHETIC CONSTRUCT	homo sapiens	homo sapiens	hiv-1 m	Gohain, N., Tolbert, W.D., Pazgier, M.	2.54	X-RAY DIFFRACTION	0.259	0.204	False	True	IGHV3	IGKV4	Kappa	4.4000000000000005e-09	-11.400370293980798	Unknown	NA	TBD
4g6f	H	L	0	P	peptide	NA	gp41 mper peptide	IMMUNE SYSTEM	07/19/12	Crystal Structure of 10E8 Fab in Complex with an HIV-1 gp41 Peptide	HOMO SAPIENS; SYNTHETIC CONSTRUCT	homo sapiens	homo sapiens	human immunodeficiency virus 1	Ofek, G., Huang, J., Connors, M., Kwong, P.D.	2.1	X-RAY DIFFRACTION	0.218	0.18	False	True	IGHV3	IGLV3	Lambda	1.7e-08	-10.599564136380756	Unknown	NA	TBD
4g6f	B	D	0	F	peptide	NA	gp41 mper peptide	IMMUNE SYSTEM	07/19/12	Crystal Structure of 10E8 Fab in Complex with an HIV-1 gp41 Peptide	HOMO SAPIENS; SYNTHETIC CONSTRUCT	homo sapiens	homo sapiens	human immunodeficiency virus 1	Ofek, G., Huang, J., Connors, M., Kwong, P.D.	2.1	X-RAY DIFFRACTION	0.218	0.18	False	True	IGHV3	IGLV3	Lambda	1.7e-08	-10.599564136380756	Unknown	NA	TBD
1zea	H	L	0	A	peptide	NA	short synthetic d-amino acid peptide d2	IMMUNE SYSTEM	04/18/05	Structure of the anti-cholera toxin antibody Fab fragment TE33 in complex with a D-peptide	MUS MUSCULUS; SYNTHETIC CONSTRUCT	mus musculus	mus musculus	NA	Scheerer, P., Krauss, N., Wessner, H., Scholz, C., Otte, L., Seifert, M., Kramer, A., Schneider-Mergener, J., Hoehne, W.	1.78	X-RAY DIFFRACTION	0.248	0.198	False	False	IGHV9	IGKV1	Kappa	6e-06	-7.123876292458442	Unknown	NA	TBD
2eh8	H	L	0	P	peptide	NA	pres1/pres2/surface protein	IMMUNE SYSTEM	03/05/07	Crystal structure of the complex of humanized KR127 fab and PRES1 peptide epitope	MUS MUSCULUS; SYNTHETIC CONSTRUCT	mus musculus	mus musculus	NA	Chi, S.-W., Kim, S.-J., Maeng, C.-Y., Hong, H.J., Ryu, S.-E.	2.6	X-RAY DIFFRACTION	0.258	0.193	False	True	IGHV1	IGKV1	Kappa	1.10e-08	-11.29	Other	37	17517649
1mpa	H	L	0	P	peptide	NA	pora p1.16 peptide fluorescein conjugate	COMPLEX (IMMUNOGLOBULIN/PEPTIDE)	02/26/97	BACTERICIDAL ANTIBODY AGAINST NEISSERIA MENINGITIDIS	MUS MUSCULUS	mus musculus	mus musculus	NA	Van Den Elsen, J.M.H., Herron, J.N., Kroon, J., Gros, P.	2.6	X-RAY DIFFRACTION	0.309	0.19399999999999998	False	True	IGHV1	IGKV1	Kappa	9.1e-09	-10.969830253718456	Unknown	NA	TBD
3e8u	H	L	0	P	peptide	NA	bnp peptide epitope	IMMUNE SYSTEM	08/20/08	Crystal structure and thermodynamic analysis of diagnostic Fab 106.3 complexed with BNP 5-13 (C10A) reveal basis of selective molecular recognition	MUS MUSCULUS; SYNTHETIC CONSTRUCT	mus musculus	mus musculus	NA	Longenecker, K.L., Ruan, Q., Fry, E.H., Saldana, S.S., Brophy, S.E., Richardson, P.L., Tetin, S.Y.	2.1	X-RAY DIFFRACTION	0.243	0.185	False	True	IGHV9	IGKV3	Kappa	2.00e-10	-13.14	Other	23	19274732
6b5r	H	L	0	A	peptide	NA	pfcsp peptide 21asp-pro-asn 	IMMUNE SYSTEM	09/29/17	Structure of PfCSP peptide 21 with human antibody CIS42	HOMO SAPIENS; SYNTHETIC CONSTRUCT	homo sapiens	homo sapiens	plasmodium falciparum	Pancera, M., Weidle, C.	1.775	X-RAY DIFFRACTION	0.237	0.191	False	True	IGHV7	IGLV2	Lambda	1.69e-09	-11.967303714867903	Unknown	NA	TBD
6b5t	H	L	0	A	peptide	NA	pfcsp peptide 29pro-asn-ala 	IMMUNE SYSTEM	09/29/17	Structure of PfCSP peptide 29 with human antibody CIS42	HOMO SAPIENS; SYNTHETIC CONSTRUCT	homo sapiens	homo sapiens	plasmodium falciparum	Pancera, M., Weidle, C.	2.222	X-RAY DIFFRACTION	0.209	0.183	False	True	IGHV7	IGLV2	Lambda	2.21e-09	-11.808361680878818	Unknown	NA	TBD
6b5o	H	L	0	A	peptide	NA	pfcsp peptide 29	IMMUNE SYSTEM	09/29/17	Structure of PfCSP peptide 29 with human protective antibody CIS43	HOMO SAPIENS; SYNTHETIC CONSTRUCT	homo sapiens	homo sapiens	plasmodium falciparum	Pancera, M., Weidle, C.	2.194	X-RAY DIFFRACTION	0.24	0.193	False	True	IGHV1	IGKV4	Kappa	4.66e-09	-11.3663552684029	Unknown	NA	TBD
5kzp	F	J	0	C	peptide	NA	c1 epitope	VIRAL PROTEIN/IMMUNE SYSTEM	07/25/16	Structure of the HCV1-C1 Antibody-Antigen Complex	HOMO SAPIENS; SYNTHETIC CONSTRUCT	homo sapiens	homo sapiens	hepatitis c virus	Piepenbrink, K.H., Sundberg, E.J.	2.262	X-RAY DIFFRACTION	0.261	0.218	False	True	IGHV3	IGKV3	Kappa	7e-08	-9.761032709220395	Unknown	NA	TBD
5kzp	H	L	0	A	peptide	NA	c1 epitope	VIRAL PROTEIN/IMMUNE SYSTEM	07/25/16	Structure of the HCV1-C1 Antibody-Antigen Complex	HOMO SAPIENS; SYNTHETIC CONSTRUCT	homo sapiens	homo sapiens	hepatitis c virus	Piepenbrink, K.H., Sundberg, E.J.	2.262	X-RAY DIFFRACTION	0.261	0.218	False	True	IGHV3	IGKV3	Kappa	7e-08	-9.761032709220395	Unknown	NA	TBD
5kzp	G	K	0	D	peptide	NA	c1 epitope	VIRAL PROTEIN/IMMUNE SYSTEM	07/25/16	Structure of the HCV1-C1 Antibody-Antigen Complex	HOMO SAPIENS; SYNTHETIC CONSTRUCT	homo sapiens	homo sapiens	hepatitis c virus	Piepenbrink, K.H., Sundberg, E.J.	2.262	X-RAY DIFFRACTION	0.261	0.218	False	True	IGHV3	IGKV3	Kappa	7e-08	-9.761032709220395	Unknown	NA	TBD
5kzp	E	I	0	B	peptide	NA	c1 epitope	VIRAL PROTEIN/IMMUNE SYSTEM	07/25/16	Structure of the HCV1-C1 Antibody-Antigen Complex	HOMO SAPIENS; SYNTHETIC CONSTRUCT	homo sapiens	homo sapiens	hepatitis c virus	Piepenbrink, K.H., Sundberg, E.J.	2.262	X-RAY DIFFRACTION	0.261	0.218	False	True	IGHV3	IGKV3	Kappa	7e-08	-9.761032709220395	Unknown	NA	TBD
2fx8	J	N	0	R	peptide	NA	fragment of hiv glycoprotein (gp41)	IMMUNE SYSTEM	02/03/06	Crystal structure of hiv-1 neutralizing human fab 4e10 in complex with an aib-induced peptide encompassing the 4e10 epitope on gp41	HOMO SAPIENS; SYNTHETIC CONSTRUCT	homo sapiens	homo sapiens	NA	Cardoso, R.M.F., Brunel, F.M., Ferguson, S., Burton, D.R., Dawson, P.E., Wilson, I.A.	2.2	X-RAY DIFFRACTION	0.28300000000000003	0.235	False	True	IGHV1	IGKV3	Kappa	3.02e-07	-8.89	SPR	NA	17125793
2fx8	I	M	0	Q	peptide	NA	fragment of hiv glycoprotein (gp41)	IMMUNE SYSTEM	02/03/06	Crystal structure of hiv-1 neutralizing human fab 4e10 in complex with an aib-induced peptide encompassing the 4e10 epitope on gp41	HOMO SAPIENS; SYNTHETIC CONSTRUCT	homo sapiens	homo sapiens	NA	Cardoso, R.M.F., Brunel, F.M., Ferguson, S., Burton, D.R., Dawson, P.E., Wilson, I.A.	2.2	X-RAY DIFFRACTION	0.28300000000000003	0.235	False	True	IGHV1	IGKV3	Kappa	3.02e-07	-8.89	SPR	NA	17125793
2fx8	H	L	0	P	peptide	NA	fragment of hiv glycoprotein (gp41)	IMMUNE SYSTEM	02/03/06	Crystal structure of hiv-1 neutralizing human fab 4e10 in complex with an aib-induced peptide encompassing the 4e10 epitope on gp41	HOMO SAPIENS; SYNTHETIC CONSTRUCT	homo sapiens	homo sapiens	NA	Cardoso, R.M.F., Brunel, F.M., Ferguson, S., Burton, D.R., Dawson, P.E., Wilson, I.A.	2.2	X-RAY DIFFRACTION	0.28300000000000003	0.235	False	True	IGHV1	IGKV3	Kappa	3.02e-07	-8.89	SPR	NA	17125793
2fx8	K	O	0	S	peptide	NA	fragment of hiv glycoprotein (gp41)	IMMUNE SYSTEM	02/03/06	Crystal structure of hiv-1 neutralizing human fab 4e10 in complex with an aib-induced peptide encompassing the 4e10 epitope on gp41	HOMO SAPIENS; SYNTHETIC CONSTRUCT	homo sapiens	homo sapiens	NA	Cardoso, R.M.F., Brunel, F.M., Ferguson, S., Burton, D.R., Dawson, P.E., Wilson, I.A.	2.2	X-RAY DIFFRACTION	0.28300000000000003	0.235	False	True	IGHV1	IGKV3	Kappa	3.02e-07	-8.89	SPR	NA	17125793
2fx9	H	L	0	P	peptide	NA	fragment of hiv glycoprotein gp41	IMMUNE SYSTEM	02/03/06	Crystal structure of hiv-1 neutralizing human fab 4e10 in complex with a thioether-linked peptide encompassing the 4e10 epitope on gp41	HOMO SAPIENS; SYNTHETIC CONSTRUCT	homo sapiens	homo sapiens	NA	Cardoso, R.M.F., Brunel, F.M., Ferguson, S., Burton, D.R., Dawson, P.E., Wilson, I.A.	2.1	X-RAY DIFFRACTION	0.271	0.236	False	True	IGHV1	IGKV3	Kappa	1.7e-08	-10.59	SPR	NA	17125793
2fx9	I	M	0	Q	peptide	NA	fragment of hiv glycoprotein gp41	IMMUNE SYSTEM	02/03/06	Crystal structure of hiv-1 neutralizing human fab 4e10 in complex with a thioether-linked peptide encompassing the 4e10 epitope on gp41	HOMO SAPIENS; SYNTHETIC CONSTRUCT	homo sapiens	homo sapiens	NA	Cardoso, R.M.F., Brunel, F.M., Ferguson, S., Burton, D.R., Dawson, P.E., Wilson, I.A.	2.1	X-RAY DIFFRACTION	0.271	0.236	False	True	IGHV1	IGKV3	Kappa	1.70e-08	-10.59	SPR	NA	17125793
2fx7	H	L	0	P	peptide	NA	fragment of hiv glycoprotein (gp41)	IMMUNE SYSTEM	02/03/06	Crystal structure of hiv-1 neutralizing human fab 4e10 in complex with a 16-residue peptide encompassing the 4e10 epitope on gp41	HOMO SAPIENS; SYNTHETIC CONSTRUCT	homo sapiens	homo sapiens	NA	Cardoso, R.M.F., Brunel, F.M., Ferguson, S., Burton, D.R., Dawson, P.E., Wilson, I.A.	1.76	X-RAY DIFFRACTION	0.222	0.20199999999999999	False	True	IGHV1	IGKV3	Kappa	2.00e-08	-10.5	SPR	NA	17125793
6bb4	I	M	0	Q	peptide	NA	microtubule-associated protein tau	IMMUNE SYSTEM	10/16/17	Fab/epitope complex of mouse monoclonal antibody C5.2 targeting a phospho-tau epitope.	MUS MUSCULUS; SYNTHETIC CONSTRUCT	mus musculus	mus musculus	homo sapiens	Chukwu, J.E., Kong, X.-P.	2.099	X-RAY DIFFRACTION	0.27	0.218	False	False	IGHV1	IGKV11	Kappa	1.5400000000000002e-08	-10.658128680238939	Unknown	NA	TBD
6bb4	J	N	0	R	peptide	NA	microtubule-associated protein tau	IMMUNE SYSTEM	10/16/17	Fab/epitope complex of mouse monoclonal antibody C5.2 targeting a phospho-tau epitope.	MUS MUSCULUS; SYNTHETIC CONSTRUCT	mus musculus	mus musculus	homo sapiens	Chukwu, J.E., Kong, X.-P.	2.099	X-RAY DIFFRACTION	0.27	0.218	False	False	IGHV1	IGKV11	Kappa	1.5400000000000002e-08	-10.658128680238939	Unknown	NA	TBD
6bb4	H	L	0	P	peptide	NA	microtubule-associated protein tau	IMMUNE SYSTEM	10/16/17	Fab/epitope complex of mouse monoclonal antibody C5.2 targeting a phospho-tau epitope.	MUS MUSCULUS; SYNTHETIC CONSTRUCT	mus musculus	mus musculus	homo sapiens	Chukwu, J.E., Kong, X.-P.	2.099	X-RAY DIFFRACTION	0.27	0.218	False	False	IGHV1	IGKV11	Kappa	1.5400000000000002e-08	-10.658128680238939	Unknown	NA	TBD
2a6i	B	A	0	P	peptide	NA	dodecapeptide	IMMUNE SYSTEM	07/02/05	Crystal structure analysis of the anti-arsonate germline antibody 36-65 in complex with a phage display derived dodecapeptide KLASIPTHTSPL	MUS MUSCULUS; SYNTHETIC CONSTRUCT	mus musculus	mus musculus	NA	Sethi, D.K., Agarwal, A., Manivel, V., Rao, K.V., Salunke, D.M.	2.5	X-RAY DIFFRACTION	0.264	0.245	False	False	IGHV1	IGKV10	Kappa	1.20e-07	-9.44	SPR	25	16618601
2a6k	H	L	0	P	peptide	NA	dodecapeptide	IMMUNE SYSTEM	07/03/05	Crystal Structure Analysis of the germline antibody 36-65 Fab in complex with the dodecapeptide SLGDNLTNHNLR	MUS MUSCULUS; SYNTHETIC CONSTRUCT	mus musculus	mus musculus	NA	Sethi, D.K., Agarwal, A., Manivel, V., Rao, K.V., Salunke, D.M.	3.0	X-RAY DIFFRACTION	0.264	0.245	False	False	IGHV1	IGKV10	Kappa	2.0999999999999997e-07	-9.11012285753709	Unknown	NA	TBD
2a6k	B	A	0	NA	NA	NA	NA	IMMUNE SYSTEM	07/03/05	Crystal Structure Analysis of the germline antibody 36-65 Fab in complex with the dodecapeptide SLGDNLTNHNLR	MUS MUSCULUS; SYNTHETIC CONSTRUCT	mus musculus	mus musculus	NA	Sethi, D.K., Agarwal, A., Manivel, V., Rao, K.V., Salunke, D.M.	3.0	X-RAY DIFFRACTION	0.264	0.245	False	False	IGHV1	IGKV10	Kappa	2.0999999999999997e-07	-9.11012285753709	Unknown	NA	TBD
2a6d	H	L	0	NA	NA	NA	NA	IMMUNE SYSTEM	07/02/05	Crystal structure analysis of the anti-arsonate germline antibody 36-65 in complex with a phage display derived dodecapeptide RLLIADPPSPRE	MUS MUSCULUS; SYNTHETIC CONSTRUCT	mus musculus	mus musculus	NA	Sethi, D.K., Agarwal, A., Manivel, V., Rao, K.V., Salunke, D.M.	2.9	X-RAY DIFFRACTION	0.264	0.23	False	False	IGHV1	IGKV10	Kappa	1.5e-07	-9.309477166508257	Unknown	NA	TBD
2a6d	B	A	0	P	peptide	NA	dodecapeptide, rlliadppspre	IMMUNE SYSTEM	07/02/05	Crystal structure analysis of the anti-arsonate germline antibody 36-65 in complex with a phage display derived dodecapeptide RLLIADPPSPRE	MUS MUSCULUS; SYNTHETIC CONSTRUCT	mus musculus	mus musculus	NA	Sethi, D.K., Agarwal, A., Manivel, V., Rao, K.V., Salunke, D.M.	2.9	X-RAY DIFFRACTION	0.264	0.23	False	False	IGHV1	IGKV10	Kappa	1.5e-07	-9.309477166508257	Unknown	NA	TBD
4r3s	A	B	0	Q	peptide	NA	merozoite surface protein	IMMUNE SYSTEM	08/18/14	Crystal Structure of anti-MSP2 Fv fragment (mAb6D8)in complex with MSP2 11-23	MUS MUSCULUS; SYNTHETIC CONSTRUCT	mus musculus	mus musculus	plasmodium falciparum	Morales, R.A.V., MacRaild, C.A., Seow, J., Bankala, K., Drinkwater, N., McGowan, S., Rouet, R., Christ, D., Anders, R.F., Norton, R.S.	1.7	X-RAY DIFFRACTION	0.2	0.152	False	True	IGHV14	IGKV3	Kappa	6.000000000000001e-09	-11.216608560689204	Unknown	NA	TBD
4bkl	A	B	0	E | G | F	peptide | peptide | peptide	NA | NA | NA	j1 epitope | j1 epitope | j1 epitope	NA	04/26/13	Crystal structure of the arthritogenic antibody M2139 (Fab fragment)  in complex with the triple-helical J1 peptide	MUS MUSCULUS; SYNTHETIC CONSTRUCT	mus musculus	mus musculus	mus musculus | mus musculus | mus musculus	Raposo, B., Dobritzsch, D., Ge, C., Ekman, D., Lindh, I., Foerster, M., Uysal, H., Schneider, G., Holmdahl, R.	3.25	X-RAY DIFFRACTION	0.2627	0.22175	False	False	IGHV1	IGKV3	Kappa	2.74e-07	-8.952510007908053	Unknown	NA	TBD
3o6m	H	L	0	C	peptide	NA	protein tat 9-mer peptide	IMMUNE SYSTEM	07/29/10	Anti-Tat HIV 11H6H1 Fab' complexed with a 9-mer Tat peptide	MUS MUSCULUS; SYNTHETIC CONSTRUCT	mus musculus	mus musculus	NA	Serriere, J., Gouet, P., Guillon, C.	2.4	X-RAY DIFFRACTION	0.29	0.21100000000000002	False	False	IGHV5	IGKV1	Kappa	3.30e-08	-9.89	Other	16	21035463
4n8c	H	L	0	X	peptide	NA	extracellular domain of influenza matrix protein 2	IMMUNE SYSTEM	10/17/13	Three-dimensional structure of the extracellular domain of Matrix protein 2 of influenza A virus	MUS MUSCULUS; SYNTHETIC CONSTRUCT	mus musculus	mus musculus	influenza a virus (a/puerto rico/8/1934(h1n1))	Cho, K.J., Seok, J.H., Kim, S., Roose, K., Schepens, B., Fiers, W., Saelens, X., Kim, K.H.	1.6	X-RAY DIFFRACTION	0.242	0.193	False	False	IGHV1	IGKV8	Kappa	4.0000000000000007e-10	-12.821084109462982	Unknown	NA	TBD
4n8c	I	M	0	Y	peptide	NA	extracellular domain of influenza matrix protein 2	IMMUNE SYSTEM	10/17/13	Three-dimensional structure of the extracellular domain of Matrix protein 2 of influenza A virus	MUS MUSCULUS; SYNTHETIC CONSTRUCT	mus musculus	mus musculus	influenza a virus (a/puerto rico/8/1934(h1n1))	Cho, K.J., Seok, J.H., Kim, S., Roose, K., Schepens, B., Fiers, W., Saelens, X., Kim, K.H.	1.6	X-RAY DIFFRACTION	0.242	0.193	False	False	IGHV1	IGKV8	Kappa	4.0000000000000007e-10	-12.821084109462982	Unknown	NA	TBD
6axl	A	B	0	I	peptide	NA	peptide ace-asn-pro-asn-ala-asn-pro-asn-ala-asn-pro-asn-ala-nh2 	IMMUNE SYSTEM	09/07/17	Crystal structure of Fab317 complex	HOMO SAPIENS; SYNTHETIC CONSTRUCT	homo sapiens	homo sapiens	plasmodium falciparum	Oyen, D., Wilson, I.A.	2.4	X-RAY DIFFRACTION	0.217	0.175	False	True	IGHV3	IGKV1	Kappa	7.8e-08	-9.696917926366758	Unknown	NA	TBD
6axl	D	C	0	G	peptide	NA	peptide ace-asn-pro-asn-ala-asn-pro-asn-ala-asn-pro-asn-ala-nh2 	IMMUNE SYSTEM	09/07/17	Crystal structure of Fab317 complex	HOMO SAPIENS; SYNTHETIC CONSTRUCT	homo sapiens	homo sapiens	plasmodium falciparum	Oyen, D., Wilson, I.A.	2.4	X-RAY DIFFRACTION	0.217	0.175	False	True	IGHV3	IGKV1	Kappa	7.8e-08	-9.696917926366758	Unknown	NA	TBD
6axk	A	B	0	E	peptide	NA	ace-asn-pro-asn-ala-asn-pro-asn-ala-asn-pro-asn	IMMUNE SYSTEM	09/07/17	Crystal structure of Fab311 complex	HOMO SAPIENS; SYNTHETIC CONSTRUCT	homo sapiens	homo sapiens	plasmodium falciparum	Oyen, D., Wilson, I.A.	2.103	X-RAY DIFFRACTION	0.23600000000000002	0.204	False	True	IGHV3	IGLV1	Lambda	3.05e-07	-8.889005432540593	Unknown	NA	TBD
4qyo	A	B	0	Q	peptide	NA	merozoite surface antigen 2	IMMUNE SYSTEM	07/24/14	Crystal Structure of anti-MSP2 Fv fragment (mAb6D8)in complex with MSP2 14-22	MUS MUSCULUS; SYNTHETIC CONSTRUCT	mus musculus	mus musculus	plasmodium falciparum k1	Morales, R.A.V., MacRaild, C.A., Seow, J., Bankala, K., Drinkwater, N., McGowan, S., Rouet, R., Christ, D., Anders, R.F., Norton, R.S.	1.208	X-RAY DIFFRACTION	0.17	0.151	False	True	IGHV14	IGKV3	Kappa	6.000000000000001e-09	-11.216608560689204	Unknown	NA	TBD
4qy8	A	B	0	Q	peptide	NA	merozoite surface antigen 2	IMMUNE SYSTEM	07/24/14	Crystal Structure of anti-MSP2 Fv fragment (mAb6D8) in complex with 3D7-MSP2 14-30	MUS MUSCULUS; SYNTHETIC CONSTRUCT	mus musculus	mus musculus	plasmodium falciparum 3d7	Morales, R.A.V., MacRaild, C.A., Seow, J., Bankala, K., Drinkwater, N., McGowan, S., Rouet, R., Christ, D., Anders, R.F., Norton, R.S.	1.3530000000000002	X-RAY DIFFRACTION	0.165	0.152	False	True	IGHV14	IGKV3	Kappa	6.4e-08	-9.814126450773603	Unknown	NA	TBD
2qhr	H	L	0	P	peptide	NA	envelope glycoprotein peptide	Immune system/viral protein	07/02/07	Crystal structure of the 13F6-1-2 Fab fragment bound to its Ebola virus glycoprotein peptide epitope.	MUS MUSCULUS; SYNTHETIC CONSTRUCT	mus musculus	mus musculus	NA	Lee, J.E., Kuehne, A., Abelson, D.M., Fusco, M.L., Hart, M.K., Saphire, E.O.	2.0	X-RAY DIFFRACTION	0.245	0.203	False	False	IGHV5	IGLV3	Lambda	4.10e-08	-10.07	SPR	25	18005986
2j5l	C	B	0	A	peptide	NA	apical membrane antigen 1	IMMUNE SYSTEM	09/18/06	Structure of a Plasmodium falciparum apical membrane antigen 1-Fab F8. 12.19 complex	PLASMODIUM FALCIPARUM; MUS MUSCULUS	mus musculus	mus musculus	plasmodium falciparum	Igonet, S., Vulliez-Le Normand, B., Faure, G., Riottot, M.M., Kocken, C., Thomas, A.W., Bentley, G.A.	2.9	X-RAY DIFFRACTION	0.278	0.212	False	False	IGHV5	IGKV4	Kappa	7.70e-08	-9.7	SPR	NA	17229439
